rel_path,fs,lead_index,lead_name,r_time_s,target_len,outdir,mode
04000_hr.dat,500.0,0,I,0.518,300,C:/Physionet/PhysioNetChallange/one_beat_out_pbxl/04000_hr,wfdb
04001_hr.dat,500.0,0,I,1.144,300,C:/Physionet/PhysioNetChallange/one_beat_out_pbxl/04001_hr,wfdb
04002_hr.dat,500.0,0,I,0.618,300,C:/Physionet/PhysioNetChallange/one_beat_out_pbxl/04002_hr,wfdb
04003_hr.dat,500.0,0,I,0.812,300,C:/Physionet/PhysioNetChallange/one_beat_out_pbxl/04003_hr,wfdb
04004_hr.dat,500.0,0,I,0.63,300,C:/Physionet/PhysioNetChallange/one_beat_out_pbxl/04004_hr,wfdb
04005_hr.dat,500.0,0,I,0.784,300,C:/Physionet/PhysioNetChallange/one_beat_out_pbxl/04005_hr,wfdb
04006_hr.dat,500.0,0,I,0.416,300,C:/Physionet/PhysioNetChallange/one_beat_out_pbxl/04006_hr,wfdb
04007_hr.dat,500.0,0,I,0.83,300,C:/Physionet/PhysioNetChallange/one_beat_out_pbxl/04007_hr,wfdb
04008_hr.dat,500.0,0,I,0.518,300,C:/Physionet/PhysioNetChallange/one_beat_out_pbxl/04008_hr,wfdb
04009_hr.dat,500.0,0,I,0.454,300,C:/Physionet/PhysioNetChallange/one_beat_out_pbxl/04009_hr,wfdb
04010_hr.dat,500.0,0,I,0.528,300,C:/Physionet/PhysioNetChallange/one_beat_out_pbxl/04010_hr,wfdb
04011_hr.dat,500.0,0,I,0.58,300,C:/Physionet/PhysioNetChallange/one_beat_out_pbxl/04011_hr,wfdb
04012_hr.dat,500.0,0,I,0.874,300,C:/Physionet/PhysioNetChallange/one_beat_out_pbxl/04012_hr,wfdb
04013_hr.dat,500.0,0,I,0.388,300,C:/Physionet/PhysioNetChallange/one_beat_out_pbxl/04013_hr,wfdb
04014_hr.dat,500.0,0,I,0.362,300,C:/Physionet/PhysioNetChallange/one_beat_out_pbxl/04014_hr,wfdb
04015_hr.dat,500.0,0,I,0.706,300,C:/Physionet/PhysioNetChallange/one_beat_out_pbxl/04015_hr,wfdb
04016_hr.dat,500.0,0,I,0.844,300,C:/Physionet/PhysioNetChallange/one_beat_out_pbxl/04016_hr,wfdb
04017_hr.dat,500.0,0,I,0.918,300,C:/Physionet/PhysioNetChallange/one_beat_out_pbxl/04017_hr,wfdb
04018_hr.dat,500.0,0,I,1.024,300,C:/Physionet/PhysioNetChallange/one_beat_out_pbxl/04018_hr,wfdb
04019_hr.dat,500.0,0,I,0.58,300,C:/Physionet/PhysioNetChallange/one_beat_out_pbxl/04019_hr,wfdb
04020_hr.dat,500.0,0,I,0.718,300,C:/Physionet/PhysioNetChallange/one_beat_out_pbxl/04020_hr,wfdb
04021_hr.dat,500.0,0,I,0.782,300,C:/Physionet/PhysioNetChallange/one_beat_out_pbxl/04021_hr,wfdb
04022_hr.dat,500.0,0,I,0.568,300,C:/Physionet/PhysioNetChallange/one_beat_out_pbxl/04022_hr,wfdb
04023_hr.dat,500.0,0,I,0.774,300,C:/Physionet/PhysioNetChallange/one_beat_out_pbxl/04023_hr,wfdb
04024_hr.dat,500.0,0,I,0.768,300,C:/Physionet/PhysioNetChallange/one_beat_out_pbxl/04024_hr,wfdb
04025_hr.dat,500.0,0,I,0.614,300,C:/Physionet/PhysioNetChallange/one_beat_out_pbxl/04025_hr,wfdb
04026_hr.dat,500.0,0,I,0.394,300,C:/Physionet/PhysioNetChallange/one_beat_out_pbxl/04026_hr,wfdb
04027_hr.dat,500.0,0,I,0.554,300,C:/Physionet/PhysioNetChallange/one_beat_out_pbxl/04027_hr,wfdb
04028_hr.dat,500.0,0,I,0.432,300,C:/Physionet/PhysioNetChallange/one_beat_out_pbxl/04028_hr,wfdb
04029_hr.dat,500.0,0,I,0.9,300,C:/Physionet/PhysioNetChallange/one_beat_out_pbxl/04029_hr,wfdb
04030_hr.dat,500.0,0,I,0.482,300,C:/Physionet/PhysioNetChallange/one_beat_out_pbxl/04030_hr,wfdb
04031_hr.dat,500.0,0,I,0.684,300,C:/Physionet/PhysioNetChallange/one_beat_out_pbxl/04031_hr,wfdb
04032_hr.dat,500.0,0,I,0.49,300,C:/Physionet/PhysioNetChallange/one_beat_out_pbxl/04032_hr,wfdb
04033_hr.dat,500.0,0,I,0.416,300,C:/Physionet/PhysioNetChallange/one_beat_out_pbxl/04033_hr,wfdb
04034_hr.dat,500.0,0,I,0.984,300,C:/Physionet/PhysioNetChallange/one_beat_out_pbxl/04034_hr,wfdb
04035_hr.dat,500.0,0,I,0.412,300,C:/Physionet/PhysioNetChallange/one_beat_out_pbxl/04035_hr,wfdb
04036_hr.dat,500.0,0,I,0.424,300,C:/Physionet/PhysioNetChallange/one_beat_out_pbxl/04036_hr,wfdb
04037_hr.dat,500.0,0,I,0.318,300,C:/Physionet/PhysioNetChallange/one_beat_out_pbxl/04037_hr,wfdb
04038_hr.dat,500.0,0,I,0.478,300,C:/Physionet/PhysioNetChallange/one_beat_out_pbxl/04038_hr,wfdb
04039_hr.dat,500.0,0,I,0.41,300,C:/Physionet/PhysioNetChallange/one_beat_out_pbxl/04039_hr,wfdb
04040_hr.dat,500.0,0,I,0.646,300,C:/Physionet/PhysioNetChallange/one_beat_out_pbxl/04040_hr,wfdb
04041_hr.dat,500.0,0,I,0.606,300,C:/Physionet/PhysioNetChallange/one_beat_out_pbxl/04041_hr,wfdb
04042_hr.dat,500.0,0,I,0.64,300,C:/Physionet/PhysioNetChallange/one_beat_out_pbxl/04042_hr,wfdb
04043_hr.dat,500.0,0,I,0.6,300,C:/Physionet/PhysioNetChallange/one_beat_out_pbxl/04043_hr,wfdb
04044_hr.dat,500.0,0,I,0.678,300,C:/Physionet/PhysioNetChallange/one_beat_out_pbxl/04044_hr,wfdb
04045_hr.dat,500.0,0,I,0.572,300,C:/Physionet/PhysioNetChallange/one_beat_out_pbxl/04045_hr,wfdb
04046_hr.dat,500.0,0,I,0.856,300,C:/Physionet/PhysioNetChallange/one_beat_out_pbxl/04046_hr,wfdb
04047_hr.dat,500.0,0,I,1.042,300,C:/Physionet/PhysioNetChallange/one_beat_out_pbxl/04047_hr,wfdb
04048_hr.dat,500.0,0,I,0.69,300,C:/Physionet/PhysioNetChallange/one_beat_out_pbxl/04048_hr,wfdb
04049_hr.dat,500.0,0,I,0.382,300,C:/Physionet/PhysioNetChallange/one_beat_out_pbxl/04049_hr,wfdb
04050_hr.dat,500.0,0,I,1.284,300,C:/Physionet/PhysioNetChallange/one_beat_out_pbxl/04050_hr,wfdb
04051_hr.dat,500.0,0,I,0.322,300,C:/Physionet/PhysioNetChallange/one_beat_out_pbxl/04051_hr,wfdb
04052_hr.dat,500.0,0,I,0.438,300,C:/Physionet/PhysioNetChallange/one_beat_out_pbxl/04052_hr,wfdb
04053_hr.dat,500.0,0,I,0.962,300,C:/Physionet/PhysioNetChallange/one_beat_out_pbxl/04053_hr,wfdb
04054_hr.dat,500.0,0,I,0.652,300,C:/Physionet/PhysioNetChallange/one_beat_out_pbxl/04054_hr,wfdb
04055_hr.dat,500.0,0,I,0.44,300,C:/Physionet/PhysioNetChallange/one_beat_out_pbxl/04055_hr,wfdb
04056_hr.dat,500.0,0,I,0.82,300,C:/Physionet/PhysioNetChallange/one_beat_out_pbxl/04056_hr,wfdb
04057_hr.dat,500.0,0,I,0.474,300,C:/Physionet/PhysioNetChallange/one_beat_out_pbxl/04057_hr,wfdb
04058_hr.dat,500.0,0,I,0.786,300,C:/Physionet/PhysioNetChallange/one_beat_out_pbxl/04058_hr,wfdb
04059_hr.dat,500.0,0,I,0.788,300,C:/Physionet/PhysioNetChallange/one_beat_out_pbxl/04059_hr,wfdb
04060_hr.dat,500.0,0,I,0.652,300,C:/Physionet/PhysioNetChallange/one_beat_out_pbxl/04060_hr,wfdb
04061_hr.dat,500.0,0,I,1.09,300,C:/Physionet/PhysioNetChallange/one_beat_out_pbxl/04061_hr,wfdb
04062_hr.dat,500.0,0,I,0.716,300,C:/Physionet/PhysioNetChallange/one_beat_out_pbxl/04062_hr,wfdb
04063_hr.dat,500.0,0,I,0.472,300,C:/Physionet/PhysioNetChallange/one_beat_out_pbxl/04063_hr,wfdb
04064_hr.dat,500.0,0,I,1.144,300,C:/Physionet/PhysioNetChallange/one_beat_out_pbxl/04064_hr,wfdb
04065_hr.dat,500.0,0,I,0.408,300,C:/Physionet/PhysioNetChallange/one_beat_out_pbxl/04065_hr,wfdb
04066_hr.dat,500.0,0,I,1.024,300,C:/Physionet/PhysioNetChallange/one_beat_out_pbxl/04066_hr,wfdb
04067_hr.dat,500.0,0,I,0.658,300,C:/Physionet/PhysioNetChallange/one_beat_out_pbxl/04067_hr,wfdb
04068_hr.dat,500.0,0,I,0.312,300,C:/Physionet/PhysioNetChallange/one_beat_out_pbxl/04068_hr,wfdb
04069_hr.dat,500.0,0,I,0.976,300,C:/Physionet/PhysioNetChallange/one_beat_out_pbxl/04069_hr,wfdb
04070_hr.dat,500.0,0,I,0.364,300,C:/Physionet/PhysioNetChallange/one_beat_out_pbxl/04070_hr,wfdb
04071_hr.dat,500.0,0,I,0.31,300,C:/Physionet/PhysioNetChallange/one_beat_out_pbxl/04071_hr,wfdb
04072_hr.dat,500.0,0,I,0.872,300,C:/Physionet/PhysioNetChallange/one_beat_out_pbxl/04072_hr,wfdb
04073_hr.dat,500.0,0,I,1.034,300,C:/Physionet/PhysioNetChallange/one_beat_out_pbxl/04073_hr,wfdb
04074_hr.dat,500.0,0,I,0.98,300,C:/Physionet/PhysioNetChallange/one_beat_out_pbxl/04074_hr,wfdb
04075_hr.dat,500.0,0,I,0.588,300,C:/Physionet/PhysioNetChallange/one_beat_out_pbxl/04075_hr,wfdb
04076_hr.dat,500.0,0,I,1.036,300,C:/Physionet/PhysioNetChallange/one_beat_out_pbxl/04076_hr,wfdb
04077_hr.dat,500.0,0,I,0.918,300,C:/Physionet/PhysioNetChallange/one_beat_out_pbxl/04077_hr,wfdb
04078_hr.dat,500.0,0,I,0.582,300,C:/Physionet/PhysioNetChallange/one_beat_out_pbxl/04078_hr,wfdb
04079_hr.dat,500.0,0,I,0.428,300,C:/Physionet/PhysioNetChallange/one_beat_out_pbxl/04079_hr,wfdb
04080_hr.dat,500.0,0,I,0.86,300,C:/Physionet/PhysioNetChallange/one_beat_out_pbxl/04080_hr,wfdb
04081_hr.dat,500.0,0,I,1.034,300,C:/Physionet/PhysioNetChallange/one_beat_out_pbxl/04081_hr,wfdb
04082_hr.dat,500.0,0,I,0.686,300,C:/Physionet/PhysioNetChallange/one_beat_out_pbxl/04082_hr,wfdb
04083_hr.dat,500.0,0,I,0.96,300,C:/Physionet/PhysioNetChallange/one_beat_out_pbxl/04083_hr,wfdb
04084_hr.dat,500.0,0,I,0.524,300,C:/Physionet/PhysioNetChallange/one_beat_out_pbxl/04084_hr,wfdb
04085_hr.dat,500.0,0,I,1.328,300,C:/Physionet/PhysioNetChallange/one_beat_out_pbxl/04085_hr,wfdb
04086_hr.dat,500.0,0,I,0.902,300,C:/Physionet/PhysioNetChallange/one_beat_out_pbxl/04086_hr,wfdb
04087_hr.dat,500.0,0,I,0.374,300,C:/Physionet/PhysioNetChallange/one_beat_out_pbxl/04087_hr,wfdb
04088_hr.dat,500.0,0,I,0.676,300,C:/Physionet/PhysioNetChallange/one_beat_out_pbxl/04088_hr,wfdb
04089_hr.dat,500.0,0,I,0.394,300,C:/Physionet/PhysioNetChallange/one_beat_out_pbxl/04089_hr,wfdb
04090_hr.dat,500.0,0,I,0.364,300,C:/Physionet/PhysioNetChallange/one_beat_out_pbxl/04090_hr,wfdb
04091_hr.dat,500.0,0,I,0.892,300,C:/Physionet/PhysioNetChallange/one_beat_out_pbxl/04091_hr,wfdb
04092_hr.dat,500.0,0,I,0.94,300,C:/Physionet/PhysioNetChallange/one_beat_out_pbxl/04092_hr,wfdb
04093_hr.dat,500.0,0,I,0.888,300,C:/Physionet/PhysioNetChallange/one_beat_out_pbxl/04093_hr,wfdb
04094_hr.dat,500.0,0,I,0.776,300,C:/Physionet/PhysioNetChallange/one_beat_out_pbxl/04094_hr,wfdb
04095_hr.dat,500.0,0,I,0.764,300,C:/Physionet/PhysioNetChallange/one_beat_out_pbxl/04095_hr,wfdb
04096_hr.dat,500.0,0,I,1.0,300,C:/Physionet/PhysioNetChallange/one_beat_out_pbxl/04096_hr,wfdb
04097_hr.dat,500.0,0,I,0.504,300,C:/Physionet/PhysioNetChallange/one_beat_out_pbxl/04097_hr,wfdb
04098_hr.dat,500.0,0,I,0.676,300,C:/Physionet/PhysioNetChallange/one_beat_out_pbxl/04098_hr,wfdb
04099_hr.dat,500.0,0,I,0.666,300,C:/Physionet/PhysioNetChallange/one_beat_out_pbxl/04099_hr,wfdb
04100_hr.dat,500.0,0,I,0.426,300,C:/Physionet/PhysioNetChallange/one_beat_out_pbxl/04100_hr,wfdb
04101_hr.dat,500.0,0,I,0.368,300,C:/Physionet/PhysioNetChallange/one_beat_out_pbxl/04101_hr,wfdb
04102_hr.dat,500.0,0,I,0.438,300,C:/Physionet/PhysioNetChallange/one_beat_out_pbxl/04102_hr,wfdb
04103_hr.dat,500.0,0,I,0.528,300,C:/Physionet/PhysioNetChallange/one_beat_out_pbxl/04103_hr,wfdb
04104_hr.dat,500.0,0,I,0.908,300,C:/Physionet/PhysioNetChallange/one_beat_out_pbxl/04104_hr,wfdb
04105_hr.dat,500.0,0,I,0.512,300,C:/Physionet/PhysioNetChallange/one_beat_out_pbxl/04105_hr,wfdb
04106_hr.dat,500.0,0,I,0.966,300,C:/Physionet/PhysioNetChallange/one_beat_out_pbxl/04106_hr,wfdb
04107_hr.dat,500.0,0,I,0.338,300,C:/Physionet/PhysioNetChallange/one_beat_out_pbxl/04107_hr,wfdb
04108_hr.dat,500.0,0,I,0.664,300,C:/Physionet/PhysioNetChallange/one_beat_out_pbxl/04108_hr,wfdb
04109_hr.dat,500.0,0,I,0.726,300,C:/Physionet/PhysioNetChallange/one_beat_out_pbxl/04109_hr,wfdb
04110_hr.dat,500.0,0,I,0.772,300,C:/Physionet/PhysioNetChallange/one_beat_out_pbxl/04110_hr,wfdb
04111_hr.dat,500.0,0,I,0.942,300,C:/Physionet/PhysioNetChallange/one_beat_out_pbxl/04111_hr,wfdb
04112_hr.dat,500.0,0,I,0.414,300,C:/Physionet/PhysioNetChallange/one_beat_out_pbxl/04112_hr,wfdb
04113_hr.dat,500.0,0,I,0.594,300,C:/Physionet/PhysioNetChallange/one_beat_out_pbxl/04113_hr,wfdb
04114_hr.dat,500.0,0,I,1.328,300,C:/Physionet/PhysioNetChallange/one_beat_out_pbxl/04114_hr,wfdb
04115_hr.dat,500.0,0,I,0.668,300,C:/Physionet/PhysioNetChallange/one_beat_out_pbxl/04115_hr,wfdb
04116_hr.dat,500.0,0,I,0.32,300,C:/Physionet/PhysioNetChallange/one_beat_out_pbxl/04116_hr,wfdb
04117_hr.dat,500.0,0,I,0.354,300,C:/Physionet/PhysioNetChallange/one_beat_out_pbxl/04117_hr,wfdb
04118_hr.dat,500.0,0,I,0.772,300,C:/Physionet/PhysioNetChallange/one_beat_out_pbxl/04118_hr,wfdb
04119_hr.dat,500.0,0,I,1.172,300,C:/Physionet/PhysioNetChallange/one_beat_out_pbxl/04119_hr,wfdb
04120_hr.dat,500.0,0,I,0.658,300,C:/Physionet/PhysioNetChallange/one_beat_out_pbxl/04120_hr,wfdb
04121_hr.dat,500.0,0,I,0.558,300,C:/Physionet/PhysioNetChallange/one_beat_out_pbxl/04121_hr,wfdb
04122_hr.dat,500.0,0,I,1.282,300,C:/Physionet/PhysioNetChallange/one_beat_out_pbxl/04122_hr,wfdb
04123_hr.dat,500.0,0,I,0.574,300,C:/Physionet/PhysioNetChallange/one_beat_out_pbxl/04123_hr,wfdb
04124_hr.dat,500.0,0,I,1.11,300,C:/Physionet/PhysioNetChallange/one_beat_out_pbxl/04124_hr,wfdb
04125_hr.dat,500.0,0,I,0.594,300,C:/Physionet/PhysioNetChallange/one_beat_out_pbxl/04125_hr,wfdb
04126_hr.dat,500.0,0,I,0.436,300,C:/Physionet/PhysioNetChallange/one_beat_out_pbxl/04126_hr,wfdb
04127_hr.dat,500.0,0,I,0.648,300,C:/Physionet/PhysioNetChallange/one_beat_out_pbxl/04127_hr,wfdb
04128_hr.dat,500.0,0,I,0.996,300,C:/Physionet/PhysioNetChallange/one_beat_out_pbxl/04128_hr,wfdb
04129_hr.dat,500.0,0,I,0.832,300,C:/Physionet/PhysioNetChallange/one_beat_out_pbxl/04129_hr,wfdb
04130_hr.dat,500.0,0,I,1.266,300,C:/Physionet/PhysioNetChallange/one_beat_out_pbxl/04130_hr,wfdb
04131_hr.dat,500.0,0,I,0.314,300,C:/Physionet/PhysioNetChallange/one_beat_out_pbxl/04131_hr,wfdb
04132_hr.dat,500.0,0,I,0.996,300,C:/Physionet/PhysioNetChallange/one_beat_out_pbxl/04132_hr,wfdb
04133_hr.dat,500.0,0,I,0.316,300,C:/Physionet/PhysioNetChallange/one_beat_out_pbxl/04133_hr,wfdb
04134_hr.dat,500.0,0,I,1.106,300,C:/Physionet/PhysioNetChallange/one_beat_out_pbxl/04134_hr,wfdb
04135_hr.dat,500.0,0,I,0.746,300,C:/Physionet/PhysioNetChallange/one_beat_out_pbxl/04135_hr,wfdb
04136_hr.dat,500.0,0,I,0.464,300,C:/Physionet/PhysioNetChallange/one_beat_out_pbxl/04136_hr,wfdb
04137_hr.dat,500.0,0,I,1.56,300,C:/Physionet/PhysioNetChallange/one_beat_out_pbxl/04137_hr,wfdb
04138_hr.dat,500.0,0,I,0.936,300,C:/Physionet/PhysioNetChallange/one_beat_out_pbxl/04138_hr,wfdb
04139_hr.dat,500.0,0,I,0.614,300,C:/Physionet/PhysioNetChallange/one_beat_out_pbxl/04139_hr,wfdb
04140_hr.dat,500.0,0,I,0.682,300,C:/Physionet/PhysioNetChallange/one_beat_out_pbxl/04140_hr,wfdb
04141_hr.dat,500.0,0,I,0.756,300,C:/Physionet/PhysioNetChallange/one_beat_out_pbxl/04141_hr,wfdb
04142_hr.dat,500.0,0,I,0.934,300,C:/Physionet/PhysioNetChallange/one_beat_out_pbxl/04142_hr,wfdb
04143_hr.dat,500.0,0,I,0.62,300,C:/Physionet/PhysioNetChallange/one_beat_out_pbxl/04143_hr,wfdb
04144_hr.dat,500.0,0,I,0.934,300,C:/Physionet/PhysioNetChallange/one_beat_out_pbxl/04144_hr,wfdb
04145_hr.dat,500.0,0,I,0.656,300,C:/Physionet/PhysioNetChallange/one_beat_out_pbxl/04145_hr,wfdb
04146_hr.dat,500.0,0,I,1.336,300,C:/Physionet/PhysioNetChallange/one_beat_out_pbxl/04146_hr,wfdb
04147_hr.dat,500.0,0,I,0.4,300,C:/Physionet/PhysioNetChallange/one_beat_out_pbxl/04147_hr,wfdb
04148_hr.dat,500.0,0,I,0.648,300,C:/Physionet/PhysioNetChallange/one_beat_out_pbxl/04148_hr,wfdb
04149_hr.dat,500.0,0,I,0.544,300,C:/Physionet/PhysioNetChallange/one_beat_out_pbxl/04149_hr,wfdb
04150_hr.dat,500.0,0,I,0.92,300,C:/Physionet/PhysioNetChallange/one_beat_out_pbxl/04150_hr,wfdb
04151_hr.dat,500.0,0,I,0.584,300,C:/Physionet/PhysioNetChallange/one_beat_out_pbxl/04151_hr,wfdb
04152_hr.dat,500.0,0,I,0.416,300,C:/Physionet/PhysioNetChallange/one_beat_out_pbxl/04152_hr,wfdb
04153_hr.dat,500.0,0,I,0.92,300,C:/Physionet/PhysioNetChallange/one_beat_out_pbxl/04153_hr,wfdb
04154_hr.dat,500.0,0,I,0.326,300,C:/Physionet/PhysioNetChallange/one_beat_out_pbxl/04154_hr,wfdb
04155_hr.dat,500.0,0,I,0.502,300,C:/Physionet/PhysioNetChallange/one_beat_out_pbxl/04155_hr,wfdb
04156_hr.dat,500.0,0,I,0.652,300,C:/Physionet/PhysioNetChallange/one_beat_out_pbxl/04156_hr,wfdb
04157_hr.dat,500.0,0,I,0.368,300,C:/Physionet/PhysioNetChallange/one_beat_out_pbxl/04157_hr,wfdb
04158_hr.dat,500.0,0,I,0.526,300,C:/Physionet/PhysioNetChallange/one_beat_out_pbxl/04158_hr,wfdb
04159_hr.dat,500.0,0,I,0.872,300,C:/Physionet/PhysioNetChallange/one_beat_out_pbxl/04159_hr,wfdb
04160_hr.dat,500.0,0,I,0.548,300,C:/Physionet/PhysioNetChallange/one_beat_out_pbxl/04160_hr,wfdb
04161_hr.dat,500.0,0,I,0.58,300,C:/Physionet/PhysioNetChallange/one_beat_out_pbxl/04161_hr,wfdb
04162_hr.dat,500.0,0,I,0.55,300,C:/Physionet/PhysioNetChallange/one_beat_out_pbxl/04162_hr,wfdb
04163_hr.dat,500.0,0,I,0.722,300,C:/Physionet/PhysioNetChallange/one_beat_out_pbxl/04163_hr,wfdb
04164_hr.dat,500.0,0,I,0.604,300,C:/Physionet/PhysioNetChallange/one_beat_out_pbxl/04164_hr,wfdb
04165_hr.dat,500.0,0,I,0.328,300,C:/Physionet/PhysioNetChallange/one_beat_out_pbxl/04165_hr,wfdb
04166_hr.dat,500.0,0,I,0.346,300,C:/Physionet/PhysioNetChallange/one_beat_out_pbxl/04166_hr,wfdb
04167_hr.dat,500.0,0,I,0.888,300,C:/Physionet/PhysioNetChallange/one_beat_out_pbxl/04167_hr,wfdb
04168_hr.dat,500.0,0,I,1.01,300,C:/Physionet/PhysioNetChallange/one_beat_out_pbxl/04168_hr,wfdb
04169_hr.dat,500.0,0,I,0.824,300,C:/Physionet/PhysioNetChallange/one_beat_out_pbxl/04169_hr,wfdb
04170_hr.dat,500.0,0,I,0.314,300,C:/Physionet/PhysioNetChallange/one_beat_out_pbxl/04170_hr,wfdb
04171_hr.dat,500.0,0,I,0.396,300,C:/Physionet/PhysioNetChallange/one_beat_out_pbxl/04171_hr,wfdb
04172_hr.dat,500.0,0,I,0.518,300,C:/Physionet/PhysioNetChallange/one_beat_out_pbxl/04172_hr,wfdb
04173_hr.dat,500.0,0,I,0.638,300,C:/Physionet/PhysioNetChallange/one_beat_out_pbxl/04173_hr,wfdb
04174_hr.dat,500.0,0,I,1.17,300,C:/Physionet/PhysioNetChallange/one_beat_out_pbxl/04174_hr,wfdb
04175_hr.dat,500.0,0,I,1.048,300,C:/Physionet/PhysioNetChallange/one_beat_out_pbxl/04175_hr,wfdb
04176_hr.dat,500.0,0,I,0.894,300,C:/Physionet/PhysioNetChallange/one_beat_out_pbxl/04176_hr,wfdb
04177_hr.dat,500.0,0,I,0.44,300,C:/Physionet/PhysioNetChallange/one_beat_out_pbxl/04177_hr,wfdb
04178_hr.dat,500.0,0,I,1.1,300,C:/Physionet/PhysioNetChallange/one_beat_out_pbxl/04178_hr,wfdb
04179_hr.dat,500.0,0,I,1.012,300,C:/Physionet/PhysioNetChallange/one_beat_out_pbxl/04179_hr,wfdb
04180_hr.dat,500.0,0,I,1.03,300,C:/Physionet/PhysioNetChallange/one_beat_out_pbxl/04180_hr,wfdb
04181_hr.dat,500.0,0,I,0.832,300,C:/Physionet/PhysioNetChallange/one_beat_out_pbxl/04181_hr,wfdb
04182_hr.dat,500.0,0,I,0.432,300,C:/Physionet/PhysioNetChallange/one_beat_out_pbxl/04182_hr,wfdb
04183_hr.dat,500.0,0,I,1.058,300,C:/Physionet/PhysioNetChallange/one_beat_out_pbxl/04183_hr,wfdb
04184_hr.dat,500.0,0,I,0.312,300,C:/Physionet/PhysioNetChallange/one_beat_out_pbxl/04184_hr,wfdb
04185_hr.dat,500.0,0,I,0.562,300,C:/Physionet/PhysioNetChallange/one_beat_out_pbxl/04185_hr,wfdb
04186_hr.dat,500.0,0,I,1.292,300,C:/Physionet/PhysioNetChallange/one_beat_out_pbxl/04186_hr,wfdb
04187_hr.dat,500.0,0,I,0.756,300,C:/Physionet/PhysioNetChallange/one_beat_out_pbxl/04187_hr,wfdb
04188_hr.dat,500.0,0,I,1.166,300,C:/Physionet/PhysioNetChallange/one_beat_out_pbxl/04188_hr,wfdb
04189_hr.dat,500.0,0,I,0.378,300,C:/Physionet/PhysioNetChallange/one_beat_out_pbxl/04189_hr,wfdb
04190_hr.dat,500.0,0,I,0.336,300,C:/Physionet/PhysioNetChallange/one_beat_out_pbxl/04190_hr,wfdb
04191_hr.dat,500.0,0,I,0.936,300,C:/Physionet/PhysioNetChallange/one_beat_out_pbxl/04191_hr,wfdb
04192_hr.dat,500.0,0,I,0.592,300,C:/Physionet/PhysioNetChallange/one_beat_out_pbxl/04192_hr,wfdb
04193_hr.dat,500.0,0,I,1.07,300,C:/Physionet/PhysioNetChallange/one_beat_out_pbxl/04193_hr,wfdb
04194_hr.dat,500.0,0,I,0.95,300,C:/Physionet/PhysioNetChallange/one_beat_out_pbxl/04194_hr,wfdb
04195_hr.dat,500.0,0,I,0.352,300,C:/Physionet/PhysioNetChallange/one_beat_out_pbxl/04195_hr,wfdb
04196_hr.dat,500.0,0,I,0.772,300,C:/Physionet/PhysioNetChallange/one_beat_out_pbxl/04196_hr,wfdb
04197_hr.dat,500.0,0,I,0.598,300,C:/Physionet/PhysioNetChallange/one_beat_out_pbxl/04197_hr,wfdb
04198_hr.dat,500.0,0,I,0.65,300,C:/Physionet/PhysioNetChallange/one_beat_out_pbxl/04198_hr,wfdb
04199_hr.dat,500.0,0,I,0.436,300,C:/Physionet/PhysioNetChallange/one_beat_out_pbxl/04199_hr,wfdb
04200_hr.dat,500.0,0,I,0.468,300,C:/Physionet/PhysioNetChallange/one_beat_out_pbxl/04200_hr,wfdb
04201_hr.dat,500.0,0,I,0.926,300,C:/Physionet/PhysioNetChallange/one_beat_out_pbxl/04201_hr,wfdb
04202_hr.dat,500.0,0,I,0.574,300,C:/Physionet/PhysioNetChallange/one_beat_out_pbxl/04202_hr,wfdb
04203_hr.dat,500.0,0,I,0.39,300,C:/Physionet/PhysioNetChallange/one_beat_out_pbxl/04203_hr,wfdb
04204_hr.dat,500.0,0,I,0.836,300,C:/Physionet/PhysioNetChallange/one_beat_out_pbxl/04204_hr,wfdb
04205_hr.dat,500.0,0,I,1.208,300,C:/Physionet/PhysioNetChallange/one_beat_out_pbxl/04205_hr,wfdb
04206_hr.dat,500.0,0,I,0.742,300,C:/Physionet/PhysioNetChallange/one_beat_out_pbxl/04206_hr,wfdb
04207_hr.dat,500.0,0,I,0.462,300,C:/Physionet/PhysioNetChallange/one_beat_out_pbxl/04207_hr,wfdb
04208_hr.dat,500.0,0,I,0.68,300,C:/Physionet/PhysioNetChallange/one_beat_out_pbxl/04208_hr,wfdb
04209_hr.dat,500.0,0,I,0.426,300,C:/Physionet/PhysioNetChallange/one_beat_out_pbxl/04209_hr,wfdb
04210_hr.dat,500.0,0,I,1.122,300,C:/Physionet/PhysioNetChallange/one_beat_out_pbxl/04210_hr,wfdb
04211_hr.dat,500.0,0,I,0.714,300,C:/Physionet/PhysioNetChallange/one_beat_out_pbxl/04211_hr,wfdb
04212_hr.dat,500.0,0,I,0.586,300,C:/Physionet/PhysioNetChallange/one_beat_out_pbxl/04212_hr,wfdb
04213_hr.dat,500.0,0,I,1.042,300,C:/Physionet/PhysioNetChallange/one_beat_out_pbxl/04213_hr,wfdb
04214_hr.dat,500.0,0,I,0.712,300,C:/Physionet/PhysioNetChallange/one_beat_out_pbxl/04214_hr,wfdb
04215_hr.dat,500.0,0,I,0.602,300,C:/Physionet/PhysioNetChallange/one_beat_out_pbxl/04215_hr,wfdb
04216_hr.dat,500.0,0,I,0.402,300,C:/Physionet/PhysioNetChallange/one_beat_out_pbxl/04216_hr,wfdb
04217_hr.dat,500.0,0,I,0.912,300,C:/Physionet/PhysioNetChallange/one_beat_out_pbxl/04217_hr,wfdb
04218_hr.dat,500.0,0,I,0.344,300,C:/Physionet/PhysioNetChallange/one_beat_out_pbxl/04218_hr,wfdb
04219_hr.dat,500.0,0,I,0.728,300,C:/Physionet/PhysioNetChallange/one_beat_out_pbxl/04219_hr,wfdb
04220_hr.dat,500.0,0,I,0.592,300,C:/Physionet/PhysioNetChallange/one_beat_out_pbxl/04220_hr,wfdb
04221_hr.dat,500.0,0,I,0.38,300,C:/Physionet/PhysioNetChallange/one_beat_out_pbxl/04221_hr,wfdb
04222_hr.dat,500.0,0,I,0.706,300,C:/Physionet/PhysioNetChallange/one_beat_out_pbxl/04222_hr,wfdb
04223_hr.dat,500.0,0,I,0.646,300,C:/Physionet/PhysioNetChallange/one_beat_out_pbxl/04223_hr,wfdb
04224_hr.dat,500.0,0,I,1.122,300,C:/Physionet/PhysioNetChallange/one_beat_out_pbxl/04224_hr,wfdb
04225_hr.dat,500.0,0,I,0.458,300,C:/Physionet/PhysioNetChallange/one_beat_out_pbxl/04225_hr,wfdb
04226_hr.dat,500.0,0,I,0.61,300,C:/Physionet/PhysioNetChallange/one_beat_out_pbxl/04226_hr,wfdb
04227_hr.dat,500.0,0,I,0.584,300,C:/Physionet/PhysioNetChallange/one_beat_out_pbxl/04227_hr,wfdb
04228_hr.dat,500.0,0,I,0.372,300,C:/Physionet/PhysioNetChallange/one_beat_out_pbxl/04228_hr,wfdb
04229_hr.dat,500.0,0,I,1.254,300,C:/Physionet/PhysioNetChallange/one_beat_out_pbxl/04229_hr,wfdb
04230_hr.dat,500.0,0,I,0.72,300,C:/Physionet/PhysioNetChallange/one_beat_out_pbxl/04230_hr,wfdb
04231_hr.dat,500.0,0,I,0.618,300,C:/Physionet/PhysioNetChallange/one_beat_out_pbxl/04231_hr,wfdb
04232_hr.dat,500.0,0,I,0.526,300,C:/Physionet/PhysioNetChallange/one_beat_out_pbxl/04232_hr,wfdb
04233_hr.dat,500.0,0,I,0.572,300,C:/Physionet/PhysioNetChallange/one_beat_out_pbxl/04233_hr,wfdb
04234_hr.dat,500.0,0,I,0.454,300,C:/Physionet/PhysioNetChallange/one_beat_out_pbxl/04234_hr,wfdb
04235_hr.dat,500.0,0,I,1.198,300,C:/Physionet/PhysioNetChallange/one_beat_out_pbxl/04235_hr,wfdb
04236_hr.dat,500.0,0,I,1.172,300,C:/Physionet/PhysioNetChallange/one_beat_out_pbxl/04236_hr,wfdb
04237_hr.dat,500.0,0,I,0.776,300,C:/Physionet/PhysioNetChallange/one_beat_out_pbxl/04237_hr,wfdb
04238_hr.dat,500.0,0,I,1.066,300,C:/Physionet/PhysioNetChallange/one_beat_out_pbxl/04238_hr,wfdb
04239_hr.dat,500.0,0,I,0.906,300,C:/Physionet/PhysioNetChallange/one_beat_out_pbxl/04239_hr,wfdb
04240_hr.dat,500.0,0,I,1.068,300,C:/Physionet/PhysioNetChallange/one_beat_out_pbxl/04240_hr,wfdb
04241_hr.dat,500.0,0,I,0.326,300,C:/Physionet/PhysioNetChallange/one_beat_out_pbxl/04241_hr,wfdb
04242_hr.dat,500.0,0,I,0.618,300,C:/Physionet/PhysioNetChallange/one_beat_out_pbxl/04242_hr,wfdb
04243_hr.dat,500.0,0,I,0.648,300,C:/Physionet/PhysioNetChallange/one_beat_out_pbxl/04243_hr,wfdb
04244_hr.dat,500.0,0,I,0.744,300,C:/Physionet/PhysioNetChallange/one_beat_out_pbxl/04244_hr,wfdb
04245_hr.dat,500.0,0,I,0.68,300,C:/Physionet/PhysioNetChallange/one_beat_out_pbxl/04245_hr,wfdb
04246_hr.dat,500.0,0,I,0.68,300,C:/Physionet/PhysioNetChallange/one_beat_out_pbxl/04246_hr,wfdb
04247_hr.dat,500.0,0,I,0.55,300,C:/Physionet/PhysioNetChallange/one_beat_out_pbxl/04247_hr,wfdb
04248_hr.dat,500.0,0,I,0.58,300,C:/Physionet/PhysioNetChallange/one_beat_out_pbxl/04248_hr,wfdb
04249_hr.dat,500.0,0,I,0.314,300,C:/Physionet/PhysioNetChallange/one_beat_out_pbxl/04249_hr,wfdb
04250_hr.dat,500.0,0,I,0.454,300,C:/Physionet/PhysioNetChallange/one_beat_out_pbxl/04250_hr,wfdb
04251_hr.dat,500.0,0,I,0.476,300,C:/Physionet/PhysioNetChallange/one_beat_out_pbxl/04251_hr,wfdb
04252_hr.dat,500.0,0,I,0.738,300,C:/Physionet/PhysioNetChallange/one_beat_out_pbxl/04252_hr,wfdb
04253_hr.dat,500.0,0,I,0.682,300,C:/Physionet/PhysioNetChallange/one_beat_out_pbxl/04253_hr,wfdb
04254_hr.dat,500.0,0,I,0.996,300,C:/Physionet/PhysioNetChallange/one_beat_out_pbxl/04254_hr,wfdb
04255_hr.dat,500.0,0,I,0.706,300,C:/Physionet/PhysioNetChallange/one_beat_out_pbxl/04255_hr,wfdb
04256_hr.dat,500.0,0,I,0.916,300,C:/Physionet/PhysioNetChallange/one_beat_out_pbxl/04256_hr,wfdb
04257_hr.dat,500.0,0,I,1.126,300,C:/Physionet/PhysioNetChallange/one_beat_out_pbxl/04257_hr,wfdb
04258_hr.dat,500.0,0,I,1.04,300,C:/Physionet/PhysioNetChallange/one_beat_out_pbxl/04258_hr,wfdb
04259_hr.dat,500.0,0,I,0.83,300,C:/Physionet/PhysioNetChallange/one_beat_out_pbxl/04259_hr,wfdb
04260_hr.dat,500.0,0,I,0.98,300,C:/Physionet/PhysioNetChallange/one_beat_out_pbxl/04260_hr,wfdb
04261_hr.dat,500.0,0,I,0.398,300,C:/Physionet/PhysioNetChallange/one_beat_out_pbxl/04261_hr,wfdb
04262_hr.dat,500.0,0,I,0.33,300,C:/Physionet/PhysioNetChallange/one_beat_out_pbxl/04262_hr,wfdb
04263_hr.dat,500.0,0,I,0.472,300,C:/Physionet/PhysioNetChallange/one_beat_out_pbxl/04263_hr,wfdb
04264_hr.dat,500.0,0,I,0.66,300,C:/Physionet/PhysioNetChallange/one_beat_out_pbxl/04264_hr,wfdb
04265_hr.dat,500.0,0,I,0.662,300,C:/Physionet/PhysioNetChallange/one_beat_out_pbxl/04265_hr,wfdb
04266_hr.dat,500.0,0,I,0.9,300,C:/Physionet/PhysioNetChallange/one_beat_out_pbxl/04266_hr,wfdb
04267_hr.dat,500.0,0,I,0.746,300,C:/Physionet/PhysioNetChallange/one_beat_out_pbxl/04267_hr,wfdb
04268_hr.dat,500.0,0,I,0.822,300,C:/Physionet/PhysioNetChallange/one_beat_out_pbxl/04268_hr,wfdb
04269_hr.dat,500.0,0,I,0.348,300,C:/Physionet/PhysioNetChallange/one_beat_out_pbxl/04269_hr,wfdb
04270_hr.dat,500.0,0,I,0.882,300,C:/Physionet/PhysioNetChallange/one_beat_out_pbxl/04270_hr,wfdb
04271_hr.dat,500.0,0,I,0.922,300,C:/Physionet/PhysioNetChallange/one_beat_out_pbxl/04271_hr,wfdb
04272_hr.dat,500.0,0,I,0.54,300,C:/Physionet/PhysioNetChallange/one_beat_out_pbxl/04272_hr,wfdb
04273_hr.dat,500.0,0,I,0.47,300,C:/Physionet/PhysioNetChallange/one_beat_out_pbxl/04273_hr,wfdb
04274_hr.dat,500.0,0,I,0.912,300,C:/Physionet/PhysioNetChallange/one_beat_out_pbxl/04274_hr,wfdb
04275_hr.dat,500.0,0,I,1.048,300,C:/Physionet/PhysioNetChallange/one_beat_out_pbxl/04275_hr,wfdb
04276_hr.dat,500.0,0,I,0.416,300,C:/Physionet/PhysioNetChallange/one_beat_out_pbxl/04276_hr,wfdb
04277_hr.dat,500.0,0,I,1.056,300,C:/Physionet/PhysioNetChallange/one_beat_out_pbxl/04277_hr,wfdb
04278_hr.dat,500.0,0,I,0.632,300,C:/Physionet/PhysioNetChallange/one_beat_out_pbxl/04278_hr,wfdb
04279_hr.dat,500.0,0,I,0.518,300,C:/Physionet/PhysioNetChallange/one_beat_out_pbxl/04279_hr,wfdb
04280_hr.dat,500.0,0,I,0.354,300,C:/Physionet/PhysioNetChallange/one_beat_out_pbxl/04280_hr,wfdb
04281_hr.dat,500.0,0,I,1.144,300,C:/Physionet/PhysioNetChallange/one_beat_out_pbxl/04281_hr,wfdb
04282_hr.dat,500.0,0,I,0.938,300,C:/Physionet/PhysioNetChallange/one_beat_out_pbxl/04282_hr,wfdb
04283_hr.dat,500.0,0,I,0.31,300,C:/Physionet/PhysioNetChallange/one_beat_out_pbxl/04283_hr,wfdb
04284_hr.dat,500.0,0,I,0.862,300,C:/Physionet/PhysioNetChallange/one_beat_out_pbxl/04284_hr,wfdb
04285_hr.dat,500.0,0,I,0.636,300,C:/Physionet/PhysioNetChallange/one_beat_out_pbxl/04285_hr,wfdb
04286_hr.dat,500.0,0,I,0.736,300,C:/Physionet/PhysioNetChallange/one_beat_out_pbxl/04286_hr,wfdb
04287_hr.dat,500.0,0,I,1.02,300,C:/Physionet/PhysioNetChallange/one_beat_out_pbxl/04287_hr,wfdb
04288_hr.dat,500.0,0,I,1.024,300,C:/Physionet/PhysioNetChallange/one_beat_out_pbxl/04288_hr,wfdb
04289_hr.dat,500.0,0,I,0.862,300,C:/Physionet/PhysioNetChallange/one_beat_out_pbxl/04289_hr,wfdb
04290_hr.dat,500.0,0,I,0.896,300,C:/Physionet/PhysioNetChallange/one_beat_out_pbxl/04290_hr,wfdb
04291_hr.dat,500.0,0,I,0.65,300,C:/Physionet/PhysioNetChallange/one_beat_out_pbxl/04291_hr,wfdb
04292_hr.dat,500.0,0,I,0.622,300,C:/Physionet/PhysioNetChallange/one_beat_out_pbxl/04292_hr,wfdb
04293_hr.dat,500.0,0,I,0.406,300,C:/Physionet/PhysioNetChallange/one_beat_out_pbxl/04293_hr,wfdb
04294_hr.dat,500.0,0,I,0.806,300,C:/Physionet/PhysioNetChallange/one_beat_out_pbxl/04294_hr,wfdb
04295_hr.dat,500.0,0,I,0.804,300,C:/Physionet/PhysioNetChallange/one_beat_out_pbxl/04295_hr,wfdb
04296_hr.dat,500.0,0,I,0.852,300,C:/Physionet/PhysioNetChallange/one_beat_out_pbxl/04296_hr,wfdb
04297_hr.dat,500.0,0,I,0.564,300,C:/Physionet/PhysioNetChallange/one_beat_out_pbxl/04297_hr,wfdb
04298_hr.dat,500.0,0,I,0.416,300,C:/Physionet/PhysioNetChallange/one_beat_out_pbxl/04298_hr,wfdb
04299_hr.dat,500.0,0,I,0.386,300,C:/Physionet/PhysioNetChallange/one_beat_out_pbxl/04299_hr,wfdb
04300_hr.dat,500.0,0,I,0.852,300,C:/Physionet/PhysioNetChallange/one_beat_out_pbxl/04300_hr,wfdb
04301_hr.dat,500.0,0,I,0.528,300,C:/Physionet/PhysioNetChallange/one_beat_out_pbxl/04301_hr,wfdb
04302_hr.dat,500.0,0,I,0.578,300,C:/Physionet/PhysioNetChallange/one_beat_out_pbxl/04302_hr,wfdb
04303_hr.dat,500.0,0,I,0.696,300,C:/Physionet/PhysioNetChallange/one_beat_out_pbxl/04303_hr,wfdb
04304_hr.dat,500.0,0,I,1.062,300,C:/Physionet/PhysioNetChallange/one_beat_out_pbxl/04304_hr,wfdb
04305_hr.dat,500.0,0,I,0.878,300,C:/Physionet/PhysioNetChallange/one_beat_out_pbxl/04305_hr,wfdb
04306_hr.dat,500.0,0,I,0.694,300,C:/Physionet/PhysioNetChallange/one_beat_out_pbxl/04306_hr,wfdb
04307_hr.dat,500.0,0,I,0.994,300,C:/Physionet/PhysioNetChallange/one_beat_out_pbxl/04307_hr,wfdb
04308_hr.dat,500.0,0,I,0.91,300,C:/Physionet/PhysioNetChallange/one_beat_out_pbxl/04308_hr,wfdb
04309_hr.dat,500.0,0,I,0.426,300,C:/Physionet/PhysioNetChallange/one_beat_out_pbxl/04309_hr,wfdb
04310_hr.dat,500.0,0,I,0.83,300,C:/Physionet/PhysioNetChallange/one_beat_out_pbxl/04310_hr,wfdb
04311_hr.dat,500.0,0,I,0.842,300,C:/Physionet/PhysioNetChallange/one_beat_out_pbxl/04311_hr,wfdb
04312_hr.dat,500.0,0,I,0.528,300,C:/Physionet/PhysioNetChallange/one_beat_out_pbxl/04312_hr,wfdb
04313_hr.dat,500.0,0,I,0.8,300,C:/Physionet/PhysioNetChallange/one_beat_out_pbxl/04313_hr,wfdb
04314_hr.dat,500.0,0,I,0.508,300,C:/Physionet/PhysioNetChallange/one_beat_out_pbxl/04314_hr,wfdb
04315_hr.dat,500.0,0,I,0.684,300,C:/Physionet/PhysioNetChallange/one_beat_out_pbxl/04315_hr,wfdb
04316_hr.dat,500.0,0,I,0.51,300,C:/Physionet/PhysioNetChallange/one_beat_out_pbxl/04316_hr,wfdb
04317_hr.dat,500.0,0,I,0.544,300,C:/Physionet/PhysioNetChallange/one_beat_out_pbxl/04317_hr,wfdb
04318_hr.dat,500.0,0,I,0.726,300,C:/Physionet/PhysioNetChallange/one_beat_out_pbxl/04318_hr,wfdb
04319_hr.dat,500.0,0,I,1.158,300,C:/Physionet/PhysioNetChallange/one_beat_out_pbxl/04319_hr,wfdb
04320_hr.dat,500.0,0,I,0.51,300,C:/Physionet/PhysioNetChallange/one_beat_out_pbxl/04320_hr,wfdb
04321_hr.dat,500.0,0,I,0.616,300,C:/Physionet/PhysioNetChallange/one_beat_out_pbxl/04321_hr,wfdb
04322_hr.dat,500.0,0,I,0.52,300,C:/Physionet/PhysioNetChallange/one_beat_out_pbxl/04322_hr,wfdb
04323_hr.dat,500.0,0,I,0.336,300,C:/Physionet/PhysioNetChallange/one_beat_out_pbxl/04323_hr,wfdb
04324_hr.dat,500.0,0,I,0.574,300,C:/Physionet/PhysioNetChallange/one_beat_out_pbxl/04324_hr,wfdb
04325_hr.dat,500.0,0,I,0.77,300,C:/Physionet/PhysioNetChallange/one_beat_out_pbxl/04325_hr,wfdb
04326_hr.dat,500.0,0,I,0.722,300,C:/Physionet/PhysioNetChallange/one_beat_out_pbxl/04326_hr,wfdb
04327_hr.dat,500.0,0,I,0.312,300,C:/Physionet/PhysioNetChallange/one_beat_out_pbxl/04327_hr,wfdb
04328_hr.dat,500.0,0,I,0.726,300,C:/Physionet/PhysioNetChallange/one_beat_out_pbxl/04328_hr,wfdb
04329_hr.dat,500.0,0,I,0.606,300,C:/Physionet/PhysioNetChallange/one_beat_out_pbxl/04329_hr,wfdb
04330_hr.dat,500.0,0,I,0.318,300,C:/Physionet/PhysioNetChallange/one_beat_out_pbxl/04330_hr,wfdb
04331_hr.dat,500.0,0,I,0.942,300,C:/Physionet/PhysioNetChallange/one_beat_out_pbxl/04331_hr,wfdb
04332_hr.dat,500.0,0,I,0.616,300,C:/Physionet/PhysioNetChallange/one_beat_out_pbxl/04332_hr,wfdb
04333_hr.dat,500.0,0,I,0.586,300,C:/Physionet/PhysioNetChallange/one_beat_out_pbxl/04333_hr,wfdb
04334_hr.dat,500.0,0,I,1.338,300,C:/Physionet/PhysioNetChallange/one_beat_out_pbxl/04334_hr,wfdb
04335_hr.dat,500.0,0,I,1.014,300,C:/Physionet/PhysioNetChallange/one_beat_out_pbxl/04335_hr,wfdb
04336_hr.dat,500.0,0,I,0.9,300,C:/Physionet/PhysioNetChallange/one_beat_out_pbxl/04336_hr,wfdb
04337_hr.dat,500.0,0,I,0.342,300,C:/Physionet/PhysioNetChallange/one_beat_out_pbxl/04337_hr,wfdb
04338_hr.dat,500.0,0,I,1.146,300,C:/Physionet/PhysioNetChallange/one_beat_out_pbxl/04338_hr,wfdb
04339_hr.dat,500.0,0,I,0.636,300,C:/Physionet/PhysioNetChallange/one_beat_out_pbxl/04339_hr,wfdb
04340_hr.dat,500.0,0,I,0.464,300,C:/Physionet/PhysioNetChallange/one_beat_out_pbxl/04340_hr,wfdb
04341_hr.dat,500.0,0,I,0.95,300,C:/Physionet/PhysioNetChallange/one_beat_out_pbxl/04341_hr,wfdb
04342_hr.dat,500.0,0,I,0.91,300,C:/Physionet/PhysioNetChallange/one_beat_out_pbxl/04342_hr,wfdb
04343_hr.dat,500.0,0,I,1.088,300,C:/Physionet/PhysioNetChallange/one_beat_out_pbxl/04343_hr,wfdb
04344_hr.dat,500.0,0,I,1.194,300,C:/Physionet/PhysioNetChallange/one_beat_out_pbxl/04344_hr,wfdb
04345_hr.dat,500.0,0,I,0.89,300,C:/Physionet/PhysioNetChallange/one_beat_out_pbxl/04345_hr,wfdb
04346_hr.dat,500.0,0,I,0.678,300,C:/Physionet/PhysioNetChallange/one_beat_out_pbxl/04346_hr,wfdb
04347_hr.dat,500.0,0,I,0.434,300,C:/Physionet/PhysioNetChallange/one_beat_out_pbxl/04347_hr,wfdb
04348_hr.dat,500.0,0,I,0.692,300,C:/Physionet/PhysioNetChallange/one_beat_out_pbxl/04348_hr,wfdb
04349_hr.dat,500.0,0,I,0.642,300,C:/Physionet/PhysioNetChallange/one_beat_out_pbxl/04349_hr,wfdb
04350_hr.dat,500.0,0,I,0.36,300,C:/Physionet/PhysioNetChallange/one_beat_out_pbxl/04350_hr,wfdb
04351_hr.dat,500.0,0,I,0.84,300,C:/Physionet/PhysioNetChallange/one_beat_out_pbxl/04351_hr,wfdb
04352_hr.dat,500.0,0,I,0.918,300,C:/Physionet/PhysioNetChallange/one_beat_out_pbxl/04352_hr,wfdb
04353_hr.dat,500.0,0,I,0.494,300,C:/Physionet/PhysioNetChallange/one_beat_out_pbxl/04353_hr,wfdb
04354_hr.dat,500.0,0,I,0.684,300,C:/Physionet/PhysioNetChallange/one_beat_out_pbxl/04354_hr,wfdb
04355_hr.dat,500.0,0,I,1.08,300,C:/Physionet/PhysioNetChallange/one_beat_out_pbxl/04355_hr,wfdb
04356_hr.dat,500.0,0,I,0.75,300,C:/Physionet/PhysioNetChallange/one_beat_out_pbxl/04356_hr,wfdb
04357_hr.dat,500.0,0,I,1.054,300,C:/Physionet/PhysioNetChallange/one_beat_out_pbxl/04357_hr,wfdb
04358_hr.dat,500.0,0,I,0.78,300,C:/Physionet/PhysioNetChallange/one_beat_out_pbxl/04358_hr,wfdb
04359_hr.dat,500.0,0,I,0.386,300,C:/Physionet/PhysioNetChallange/one_beat_out_pbxl/04359_hr,wfdb
04360_hr.dat,500.0,0,I,0.408,300,C:/Physionet/PhysioNetChallange/one_beat_out_pbxl/04360_hr,wfdb
04361_hr.dat,500.0,0,I,0.44,300,C:/Physionet/PhysioNetChallange/one_beat_out_pbxl/04361_hr,wfdb
04362_hr.dat,500.0,0,I,0.92,300,C:/Physionet/PhysioNetChallange/one_beat_out_pbxl/04362_hr,wfdb
04363_hr.dat,500.0,0,I,0.742,300,C:/Physionet/PhysioNetChallange/one_beat_out_pbxl/04363_hr,wfdb
04364_hr.dat,500.0,0,I,0.778,300,C:/Physionet/PhysioNetChallange/one_beat_out_pbxl/04364_hr,wfdb
04365_hr.dat,500.0,0,I,0.924,300,C:/Physionet/PhysioNetChallange/one_beat_out_pbxl/04365_hr,wfdb
04366_hr.dat,500.0,0,I,0.708,300,C:/Physionet/PhysioNetChallange/one_beat_out_pbxl/04366_hr,wfdb
04367_hr.dat,500.0,0,I,0.716,300,C:/Physionet/PhysioNetChallange/one_beat_out_pbxl/04367_hr,wfdb
04368_hr.dat,500.0,0,I,0.75,300,C:/Physionet/PhysioNetChallange/one_beat_out_pbxl/04368_hr,wfdb
04369_hr.dat,500.0,0,I,0.368,300,C:/Physionet/PhysioNetChallange/one_beat_out_pbxl/04369_hr,wfdb
04370_hr.dat,500.0,0,I,0.488,300,C:/Physionet/PhysioNetChallange/one_beat_out_pbxl/04370_hr,wfdb
04371_hr.dat,500.0,0,I,0.742,300,C:/Physionet/PhysioNetChallange/one_beat_out_pbxl/04371_hr,wfdb
04372_hr.dat,500.0,0,I,0.332,300,C:/Physionet/PhysioNetChallange/one_beat_out_pbxl/04372_hr,wfdb
04373_hr.dat,500.0,0,I,0.888,300,C:/Physionet/PhysioNetChallange/one_beat_out_pbxl/04373_hr,wfdb
04374_hr.dat,500.0,0,I,1.616,300,C:/Physionet/PhysioNetChallange/one_beat_out_pbxl/04374_hr,wfdb
04375_hr.dat,500.0,0,I,0.992,300,C:/Physionet/PhysioNetChallange/one_beat_out_pbxl/04375_hr,wfdb
04376_hr.dat,500.0,0,I,1.13,300,C:/Physionet/PhysioNetChallange/one_beat_out_pbxl/04376_hr,wfdb
04377_hr.dat,500.0,0,I,0.51,300,C:/Physionet/PhysioNetChallange/one_beat_out_pbxl/04377_hr,wfdb
04378_hr.dat,500.0,0,I,0.848,300,C:/Physionet/PhysioNetChallange/one_beat_out_pbxl/04378_hr,wfdb
04379_hr.dat,500.0,0,I,0.966,300,C:/Physionet/PhysioNetChallange/one_beat_out_pbxl/04379_hr,wfdb
04380_hr.dat,500.0,0,I,0.41,300,C:/Physionet/PhysioNetChallange/one_beat_out_pbxl/04380_hr,wfdb
04381_hr.dat,500.0,0,I,0.754,300,C:/Physionet/PhysioNetChallange/one_beat_out_pbxl/04381_hr,wfdb
04382_hr.dat,500.0,0,I,0.444,300,C:/Physionet/PhysioNetChallange/one_beat_out_pbxl/04382_hr,wfdb
04383_hr.dat,500.0,0,I,0.708,300,C:/Physionet/PhysioNetChallange/one_beat_out_pbxl/04383_hr,wfdb
04384_hr.dat,500.0,0,I,0.69,300,C:/Physionet/PhysioNetChallange/one_beat_out_pbxl/04384_hr,wfdb
04385_hr.dat,500.0,0,I,1.038,300,C:/Physionet/PhysioNetChallange/one_beat_out_pbxl/04385_hr,wfdb
04386_hr.dat,500.0,0,I,0.826,300,C:/Physionet/PhysioNetChallange/one_beat_out_pbxl/04386_hr,wfdb
04387_hr.dat,500.0,0,I,0.58,300,C:/Physionet/PhysioNetChallange/one_beat_out_pbxl/04387_hr,wfdb
04388_hr.dat,500.0,0,I,1.08,300,C:/Physionet/PhysioNetChallange/one_beat_out_pbxl/04388_hr,wfdb
04389_hr.dat,500.0,0,I,0.678,300,C:/Physionet/PhysioNetChallange/one_beat_out_pbxl/04389_hr,wfdb
04390_hr.dat,500.0,0,I,0.548,300,C:/Physionet/PhysioNetChallange/one_beat_out_pbxl/04390_hr,wfdb
04391_hr.dat,500.0,0,I,0.784,300,C:/Physionet/PhysioNetChallange/one_beat_out_pbxl/04391_hr,wfdb
04392_hr.dat,500.0,0,I,1.282,300,C:/Physionet/PhysioNetChallange/one_beat_out_pbxl/04392_hr,wfdb
04393_hr.dat,500.0,0,I,0.442,300,C:/Physionet/PhysioNetChallange/one_beat_out_pbxl/04393_hr,wfdb
04394_hr.dat,500.0,0,I,0.422,300,C:/Physionet/PhysioNetChallange/one_beat_out_pbxl/04394_hr,wfdb
04395_hr.dat,500.0,0,I,0.662,300,C:/Physionet/PhysioNetChallange/one_beat_out_pbxl/04395_hr,wfdb
04396_hr.dat,500.0,0,I,0.874,300,C:/Physionet/PhysioNetChallange/one_beat_out_pbxl/04396_hr,wfdb
04397_hr.dat,500.0,0,I,1.156,300,C:/Physionet/PhysioNetChallange/one_beat_out_pbxl/04397_hr,wfdb
04398_hr.dat,500.0,0,I,1.19,300,C:/Physionet/PhysioNetChallange/one_beat_out_pbxl/04398_hr,wfdb
04399_hr.dat,500.0,0,I,1.164,300,C:/Physionet/PhysioNetChallange/one_beat_out_pbxl/04399_hr,wfdb
04400_hr.dat,500.0,0,I,0.4,300,C:/Physionet/PhysioNetChallange/one_beat_out_pbxl/04400_hr,wfdb
04401_hr.dat,500.0,0,I,0.582,300,C:/Physionet/PhysioNetChallange/one_beat_out_pbxl/04401_hr,wfdb
04402_hr.dat,500.0,0,I,0.33,300,C:/Physionet/PhysioNetChallange/one_beat_out_pbxl/04402_hr,wfdb
04403_hr.dat,500.0,0,I,1.174,300,C:/Physionet/PhysioNetChallange/one_beat_out_pbxl/04403_hr,wfdb
04404_hr.dat,500.0,0,I,0.716,300,C:/Physionet/PhysioNetChallange/one_beat_out_pbxl/04404_hr,wfdb
04405_hr.dat,500.0,0,I,0.53,300,C:/Physionet/PhysioNetChallange/one_beat_out_pbxl/04405_hr,wfdb
04406_hr.dat,500.0,0,I,0.338,300,C:/Physionet/PhysioNetChallange/one_beat_out_pbxl/04406_hr,wfdb
04407_hr.dat,500.0,0,I,0.33,300,C:/Physionet/PhysioNetChallange/one_beat_out_pbxl/04407_hr,wfdb
04408_hr.dat,500.0,0,I,0.446,300,C:/Physionet/PhysioNetChallange/one_beat_out_pbxl/04408_hr,wfdb
04409_hr.dat,500.0,0,I,0.756,300,C:/Physionet/PhysioNetChallange/one_beat_out_pbxl/04409_hr,wfdb
04410_hr.dat,500.0,0,I,0.388,300,C:/Physionet/PhysioNetChallange/one_beat_out_pbxl/04410_hr,wfdb
04411_hr.dat,500.0,0,I,0.744,300,C:/Physionet/PhysioNetChallange/one_beat_out_pbxl/04411_hr,wfdb
04412_hr.dat,500.0,0,I,0.71,300,C:/Physionet/PhysioNetChallange/one_beat_out_pbxl/04412_hr,wfdb
04413_hr.dat,500.0,0,I,0.788,300,C:/Physionet/PhysioNetChallange/one_beat_out_pbxl/04413_hr,wfdb
04414_hr.dat,500.0,0,I,0.804,300,C:/Physionet/PhysioNetChallange/one_beat_out_pbxl/04414_hr,wfdb
04415_hr.dat,500.0,0,I,1.102,300,C:/Physionet/PhysioNetChallange/one_beat_out_pbxl/04415_hr,wfdb
04416_hr.dat,500.0,0,I,0.602,300,C:/Physionet/PhysioNetChallange/one_beat_out_pbxl/04416_hr,wfdb
04417_hr.dat,500.0,0,I,0.412,300,C:/Physionet/PhysioNetChallange/one_beat_out_pbxl/04417_hr,wfdb
04418_hr.dat,500.0,0,I,0.558,300,C:/Physionet/PhysioNetChallange/one_beat_out_pbxl/04418_hr,wfdb
04419_hr.dat,500.0,0,I,0.512,300,C:/Physionet/PhysioNetChallange/one_beat_out_pbxl/04419_hr,wfdb
04420_hr.dat,500.0,0,I,1.136,300,C:/Physionet/PhysioNetChallange/one_beat_out_pbxl/04420_hr,wfdb
04421_hr.dat,500.0,0,I,0.676,300,C:/Physionet/PhysioNetChallange/one_beat_out_pbxl/04421_hr,wfdb
04422_hr.dat,500.0,0,I,0.752,300,C:/Physionet/PhysioNetChallange/one_beat_out_pbxl/04422_hr,wfdb
04423_hr.dat,500.0,0,I,0.678,300,C:/Physionet/PhysioNetChallange/one_beat_out_pbxl/04423_hr,wfdb
04424_hr.dat,500.0,0,I,0.7,300,C:/Physionet/PhysioNetChallange/one_beat_out_pbxl/04424_hr,wfdb
04425_hr.dat,500.0,0,I,0.432,300,C:/Physionet/PhysioNetChallange/one_beat_out_pbxl/04425_hr,wfdb
04426_hr.dat,500.0,0,I,0.65,300,C:/Physionet/PhysioNetChallange/one_beat_out_pbxl/04426_hr,wfdb
04427_hr.dat,500.0,0,I,0.61,300,C:/Physionet/PhysioNetChallange/one_beat_out_pbxl/04427_hr,wfdb
04428_hr.dat,500.0,0,I,1.004,300,C:/Physionet/PhysioNetChallange/one_beat_out_pbxl/04428_hr,wfdb
04429_hr.dat,500.0,0,I,0.7,300,C:/Physionet/PhysioNetChallange/one_beat_out_pbxl/04429_hr,wfdb
04430_hr.dat,500.0,0,I,0.428,300,C:/Physionet/PhysioNetChallange/one_beat_out_pbxl/04430_hr,wfdb
04431_hr.dat,500.0,0,I,0.942,300,C:/Physionet/PhysioNetChallange/one_beat_out_pbxl/04431_hr,wfdb
04432_hr.dat,500.0,0,I,1.12,300,C:/Physionet/PhysioNetChallange/one_beat_out_pbxl/04432_hr,wfdb
04433_hr.dat,500.0,0,I,0.452,300,C:/Physionet/PhysioNetChallange/one_beat_out_pbxl/04433_hr,wfdb
04434_hr.dat,500.0,0,I,0.702,300,C:/Physionet/PhysioNetChallange/one_beat_out_pbxl/04434_hr,wfdb
04435_hr.dat,500.0,0,I,0.688,300,C:/Physionet/PhysioNetChallange/one_beat_out_pbxl/04435_hr,wfdb
04436_hr.dat,500.0,0,I,1.158,300,C:/Physionet/PhysioNetChallange/one_beat_out_pbxl/04436_hr,wfdb
04437_hr.dat,500.0,0,I,0.344,300,C:/Physionet/PhysioNetChallange/one_beat_out_pbxl/04437_hr,wfdb
04438_hr.dat,500.0,0,I,1.442,300,C:/Physionet/PhysioNetChallange/one_beat_out_pbxl/04438_hr,wfdb
04439_hr.dat,500.0,0,I,0.724,300,C:/Physionet/PhysioNetChallange/one_beat_out_pbxl/04439_hr,wfdb
04440_hr.dat,500.0,0,I,0.78,300,C:/Physionet/PhysioNetChallange/one_beat_out_pbxl/04440_hr,wfdb
04441_hr.dat,500.0,0,I,0.808,300,C:/Physionet/PhysioNetChallange/one_beat_out_pbxl/04441_hr,wfdb
04442_hr.dat,500.0,0,I,0.79,300,C:/Physionet/PhysioNetChallange/one_beat_out_pbxl/04442_hr,wfdb
04443_hr.dat,500.0,0,I,0.404,300,C:/Physionet/PhysioNetChallange/one_beat_out_pbxl/04443_hr,wfdb
04444_hr.dat,500.0,0,I,0.524,300,C:/Physionet/PhysioNetChallange/one_beat_out_pbxl/04444_hr,wfdb
04445_hr.dat,500.0,0,I,0.818,300,C:/Physionet/PhysioNetChallange/one_beat_out_pbxl/04445_hr,wfdb
04446_hr.dat,500.0,0,I,1.188,300,C:/Physionet/PhysioNetChallange/one_beat_out_pbxl/04446_hr,wfdb
04447_hr.dat,500.0,0,I,0.864,300,C:/Physionet/PhysioNetChallange/one_beat_out_pbxl/04447_hr,wfdb
04448_hr.dat,500.0,0,I,0.518,300,C:/Physionet/PhysioNetChallange/one_beat_out_pbxl/04448_hr,wfdb
04449_hr.dat,500.0,0,I,0.312,300,C:/Physionet/PhysioNetChallange/one_beat_out_pbxl/04449_hr,wfdb
04450_hr.dat,500.0,0,I,0.386,300,C:/Physionet/PhysioNetChallange/one_beat_out_pbxl/04450_hr,wfdb
04451_hr.dat,500.0,0,I,0.734,300,C:/Physionet/PhysioNetChallange/one_beat_out_pbxl/04451_hr,wfdb
04452_hr.dat,500.0,0,I,0.622,300,C:/Physionet/PhysioNetChallange/one_beat_out_pbxl/04452_hr,wfdb
04453_hr.dat,500.0,0,I,0.856,300,C:/Physionet/PhysioNetChallange/one_beat_out_pbxl/04453_hr,wfdb
04454_hr.dat,500.0,0,I,0.698,300,C:/Physionet/PhysioNetChallange/one_beat_out_pbxl/04454_hr,wfdb
04455_hr.dat,500.0,0,I,0.794,300,C:/Physionet/PhysioNetChallange/one_beat_out_pbxl/04455_hr,wfdb
04456_hr.dat,500.0,0,I,0.424,300,C:/Physionet/PhysioNetChallange/one_beat_out_pbxl/04456_hr,wfdb
04457_hr.dat,500.0,0,I,0.732,300,C:/Physionet/PhysioNetChallange/one_beat_out_pbxl/04457_hr,wfdb
04458_hr.dat,500.0,0,I,0.538,300,C:/Physionet/PhysioNetChallange/one_beat_out_pbxl/04458_hr,wfdb
04459_hr.dat,500.0,0,I,0.436,300,C:/Physionet/PhysioNetChallange/one_beat_out_pbxl/04459_hr,wfdb
04460_hr.dat,500.0,0,I,0.344,300,C:/Physionet/PhysioNetChallange/one_beat_out_pbxl/04460_hr,wfdb
04461_hr.dat,500.0,0,I,1.432,300,C:/Physionet/PhysioNetChallange/one_beat_out_pbxl/04461_hr,wfdb
04462_hr.dat,500.0,0,I,0.364,300,C:/Physionet/PhysioNetChallange/one_beat_out_pbxl/04462_hr,wfdb
04463_hr.dat,500.0,0,I,0.8,300,C:/Physionet/PhysioNetChallange/one_beat_out_pbxl/04463_hr,wfdb
04464_hr.dat,500.0,0,I,1.156,300,C:/Physionet/PhysioNetChallange/one_beat_out_pbxl/04464_hr,wfdb
04465_hr.dat,500.0,0,I,0.93,300,C:/Physionet/PhysioNetChallange/one_beat_out_pbxl/04465_hr,wfdb
04466_hr.dat,500.0,0,I,0.546,300,C:/Physionet/PhysioNetChallange/one_beat_out_pbxl/04466_hr,wfdb
04467_hr.dat,500.0,0,I,0.582,300,C:/Physionet/PhysioNetChallange/one_beat_out_pbxl/04467_hr,wfdb
04468_hr.dat,500.0,0,I,1.084,300,C:/Physionet/PhysioNetChallange/one_beat_out_pbxl/04468_hr,wfdb
04469_hr.dat,500.0,0,I,0.714,300,C:/Physionet/PhysioNetChallange/one_beat_out_pbxl/04469_hr,wfdb
04470_hr.dat,500.0,0,I,0.538,300,C:/Physionet/PhysioNetChallange/one_beat_out_pbxl/04470_hr,wfdb
04471_hr.dat,500.0,0,I,0.342,300,C:/Physionet/PhysioNetChallange/one_beat_out_pbxl/04471_hr,wfdb
04472_hr.dat,500.0,0,I,0.596,300,C:/Physionet/PhysioNetChallange/one_beat_out_pbxl/04472_hr,wfdb
04473_hr.dat,500.0,0,I,0.56,300,C:/Physionet/PhysioNetChallange/one_beat_out_pbxl/04473_hr,wfdb
04474_hr.dat,500.0,0,I,0.654,300,C:/Physionet/PhysioNetChallange/one_beat_out_pbxl/04474_hr,wfdb
04475_hr.dat,500.0,0,I,0.538,300,C:/Physionet/PhysioNetChallange/one_beat_out_pbxl/04475_hr,wfdb
04476_hr.dat,500.0,0,I,0.832,300,C:/Physionet/PhysioNetChallange/one_beat_out_pbxl/04476_hr,wfdb
04477_hr.dat,500.0,0,I,0.402,300,C:/Physionet/PhysioNetChallange/one_beat_out_pbxl/04477_hr,wfdb
04478_hr.dat,500.0,0,I,0.392,300,C:/Physionet/PhysioNetChallange/one_beat_out_pbxl/04478_hr,wfdb
04479_hr.dat,500.0,0,I,0.92,300,C:/Physionet/PhysioNetChallange/one_beat_out_pbxl/04479_hr,wfdb
04480_hr.dat,500.0,0,I,0.39,300,C:/Physionet/PhysioNetChallange/one_beat_out_pbxl/04480_hr,wfdb
04481_hr.dat,500.0,0,I,0.89,300,C:/Physionet/PhysioNetChallange/one_beat_out_pbxl/04481_hr,wfdb
04482_hr.dat,500.0,0,I,0.39,300,C:/Physionet/PhysioNetChallange/one_beat_out_pbxl/04482_hr,wfdb
04483_hr.dat,500.0,0,I,0.48,300,C:/Physionet/PhysioNetChallange/one_beat_out_pbxl/04483_hr,wfdb
04484_hr.dat,500.0,0,I,0.888,300,C:/Physionet/PhysioNetChallange/one_beat_out_pbxl/04484_hr,wfdb
04485_hr.dat,500.0,0,I,1.254,300,C:/Physionet/PhysioNetChallange/one_beat_out_pbxl/04485_hr,wfdb
04486_hr.dat,500.0,0,I,1.274,300,C:/Physionet/PhysioNetChallange/one_beat_out_pbxl/04486_hr,wfdb
04487_hr.dat,500.0,0,I,0.33,300,C:/Physionet/PhysioNetChallange/one_beat_out_pbxl/04487_hr,wfdb
04488_hr.dat,500.0,0,I,0.554,300,C:/Physionet/PhysioNetChallange/one_beat_out_pbxl/04488_hr,wfdb
04489_hr.dat,500.0,0,I,0.584,300,C:/Physionet/PhysioNetChallange/one_beat_out_pbxl/04489_hr,wfdb
04490_hr.dat,500.0,0,I,0.774,300,C:/Physionet/PhysioNetChallange/one_beat_out_pbxl/04490_hr,wfdb
04491_hr.dat,500.0,0,I,0.346,300,C:/Physionet/PhysioNetChallange/one_beat_out_pbxl/04491_hr,wfdb
04492_hr.dat,500.0,0,I,0.574,300,C:/Physionet/PhysioNetChallange/one_beat_out_pbxl/04492_hr,wfdb
04493_hr.dat,500.0,0,I,0.87,300,C:/Physionet/PhysioNetChallange/one_beat_out_pbxl/04493_hr,wfdb
04494_hr.dat,500.0,0,I,0.474,300,C:/Physionet/PhysioNetChallange/one_beat_out_pbxl/04494_hr,wfdb
04495_hr.dat,500.0,0,I,0.484,300,C:/Physionet/PhysioNetChallange/one_beat_out_pbxl/04495_hr,wfdb
04496_hr.dat,500.0,0,I,0.59,300,C:/Physionet/PhysioNetChallange/one_beat_out_pbxl/04496_hr,wfdb
04497_hr.dat,500.0,0,I,0.628,300,C:/Physionet/PhysioNetChallange/one_beat_out_pbxl/04497_hr,wfdb
04498_hr.dat,500.0,0,I,1.046,300,C:/Physionet/PhysioNetChallange/one_beat_out_pbxl/04498_hr,wfdb
04499_hr.dat,500.0,0,I,0.79,300,C:/Physionet/PhysioNetChallange/one_beat_out_pbxl/04499_hr,wfdb
04500_hr.dat,500.0,0,I,0.368,300,C:/Physionet/PhysioNetChallange/one_beat_out_pbxl/04500_hr,wfdb
04501_hr.dat,500.0,0,I,0.854,300,C:/Physionet/PhysioNetChallange/one_beat_out_pbxl/04501_hr,wfdb
04502_hr.dat,500.0,0,I,0.442,300,C:/Physionet/PhysioNetChallange/one_beat_out_pbxl/04502_hr,wfdb
04503_hr.dat,500.0,0,I,0.964,300,C:/Physionet/PhysioNetChallange/one_beat_out_pbxl/04503_hr,wfdb
04504_hr.dat,500.0,0,I,0.6,300,C:/Physionet/PhysioNetChallange/one_beat_out_pbxl/04504_hr,wfdb
04505_hr.dat,500.0,0,I,1.158,300,C:/Physionet/PhysioNetChallange/one_beat_out_pbxl/04505_hr,wfdb
04506_hr.dat,500.0,0,I,0.362,300,C:/Physionet/PhysioNetChallange/one_beat_out_pbxl/04506_hr,wfdb
04507_hr.dat,500.0,0,I,1.092,300,C:/Physionet/PhysioNetChallange/one_beat_out_pbxl/04507_hr,wfdb
04508_hr.dat,500.0,0,I,0.302,300,C:/Physionet/PhysioNetChallange/one_beat_out_pbxl/04508_hr,wfdb
04509_hr.dat,500.0,0,I,0.68,300,C:/Physionet/PhysioNetChallange/one_beat_out_pbxl/04509_hr,wfdb
04510_hr.dat,500.0,0,I,1.178,300,C:/Physionet/PhysioNetChallange/one_beat_out_pbxl/04510_hr,wfdb
04511_hr.dat,500.0,0,I,0.592,300,C:/Physionet/PhysioNetChallange/one_beat_out_pbxl/04511_hr,wfdb
04512_hr.dat,500.0,0,I,1.174,300,C:/Physionet/PhysioNetChallange/one_beat_out_pbxl/04512_hr,wfdb
04513_hr.dat,500.0,0,I,0.912,300,C:/Physionet/PhysioNetChallange/one_beat_out_pbxl/04513_hr,wfdb
04514_hr.dat,500.0,0,I,0.63,300,C:/Physionet/PhysioNetChallange/one_beat_out_pbxl/04514_hr,wfdb
04515_hr.dat,500.0,0,I,0.966,300,C:/Physionet/PhysioNetChallange/one_beat_out_pbxl/04515_hr,wfdb
04516_hr.dat,500.0,0,I,0.36,300,C:/Physionet/PhysioNetChallange/one_beat_out_pbxl/04516_hr,wfdb
04517_hr.dat,500.0,0,I,0.402,300,C:/Physionet/PhysioNetChallange/one_beat_out_pbxl/04517_hr,wfdb
04518_hr.dat,500.0,0,I,0.522,300,C:/Physionet/PhysioNetChallange/one_beat_out_pbxl/04518_hr,wfdb
04519_hr.dat,500.0,0,I,0.58,300,C:/Physionet/PhysioNetChallange/one_beat_out_pbxl/04519_hr,wfdb
04520_hr.dat,500.0,0,I,0.782,300,C:/Physionet/PhysioNetChallange/one_beat_out_pbxl/04520_hr,wfdb
04521_hr.dat,500.0,0,I,0.794,300,C:/Physionet/PhysioNetChallange/one_beat_out_pbxl/04521_hr,wfdb
04522_hr.dat,500.0,0,I,1.212,300,C:/Physionet/PhysioNetChallange/one_beat_out_pbxl/04522_hr,wfdb
04523_hr.dat,500.0,0,I,0.302,300,C:/Physionet/PhysioNetChallange/one_beat_out_pbxl/04523_hr,wfdb
04524_hr.dat,500.0,0,I,1.06,300,C:/Physionet/PhysioNetChallange/one_beat_out_pbxl/04524_hr,wfdb
04525_hr.dat,500.0,0,I,0.696,300,C:/Physionet/PhysioNetChallange/one_beat_out_pbxl/04525_hr,wfdb
04526_hr.dat,500.0,0,I,0.332,300,C:/Physionet/PhysioNetChallange/one_beat_out_pbxl/04526_hr,wfdb
04527_hr.dat,500.0,0,I,0.31,300,C:/Physionet/PhysioNetChallange/one_beat_out_pbxl/04527_hr,wfdb
04528_hr.dat,500.0,0,I,0.948,300,C:/Physionet/PhysioNetChallange/one_beat_out_pbxl/04528_hr,wfdb
04529_hr.dat,500.0,0,I,1.12,300,C:/Physionet/PhysioNetChallange/one_beat_out_pbxl/04529_hr,wfdb
04530_hr.dat,500.0,0,I,0.57,300,C:/Physionet/PhysioNetChallange/one_beat_out_pbxl/04530_hr,wfdb
04531_hr.dat,500.0,0,I,0.536,300,C:/Physionet/PhysioNetChallange/one_beat_out_pbxl/04531_hr,wfdb
04532_hr.dat,500.0,0,I,0.388,300,C:/Physionet/PhysioNetChallange/one_beat_out_pbxl/04532_hr,wfdb
04533_hr.dat,500.0,0,I,0.726,300,C:/Physionet/PhysioNetChallange/one_beat_out_pbxl/04533_hr,wfdb
04534_hr.dat,500.0,0,I,0.888,300,C:/Physionet/PhysioNetChallange/one_beat_out_pbxl/04534_hr,wfdb
04535_hr.dat,500.0,0,I,1.062,300,C:/Physionet/PhysioNetChallange/one_beat_out_pbxl/04535_hr,wfdb
04536_hr.dat,500.0,0,I,0.322,300,C:/Physionet/PhysioNetChallange/one_beat_out_pbxl/04536_hr,wfdb
04537_hr.dat,500.0,0,I,0.826,300,C:/Physionet/PhysioNetChallange/one_beat_out_pbxl/04537_hr,wfdb
04538_hr.dat,500.0,0,I,0.492,300,C:/Physionet/PhysioNetChallange/one_beat_out_pbxl/04538_hr,wfdb
04539_hr.dat,500.0,0,I,0.686,300,C:/Physionet/PhysioNetChallange/one_beat_out_pbxl/04539_hr,wfdb
04540_hr.dat,500.0,0,I,0.846,300,C:/Physionet/PhysioNetChallange/one_beat_out_pbxl/04540_hr,wfdb
04541_hr.dat,500.0,0,I,1.194,300,C:/Physionet/PhysioNetChallange/one_beat_out_pbxl/04541_hr,wfdb
04542_hr.dat,500.0,0,I,0.424,300,C:/Physionet/PhysioNetChallange/one_beat_out_pbxl/04542_hr,wfdb
04543_hr.dat,500.0,0,I,0.64,300,C:/Physionet/PhysioNetChallange/one_beat_out_pbxl/04543_hr,wfdb
04544_hr.dat,500.0,0,I,1.032,300,C:/Physionet/PhysioNetChallange/one_beat_out_pbxl/04544_hr,wfdb
04545_hr.dat,500.0,0,I,0.662,300,C:/Physionet/PhysioNetChallange/one_beat_out_pbxl/04545_hr,wfdb
04546_hr.dat,500.0,0,I,0.428,300,C:/Physionet/PhysioNetChallange/one_beat_out_pbxl/04546_hr,wfdb
04547_hr.dat,500.0,0,I,0.438,300,C:/Physionet/PhysioNetChallange/one_beat_out_pbxl/04547_hr,wfdb
04548_hr.dat,500.0,0,I,0.676,300,C:/Physionet/PhysioNetChallange/one_beat_out_pbxl/04548_hr,wfdb
04549_hr.dat,500.0,0,I,0.996,300,C:/Physionet/PhysioNetChallange/one_beat_out_pbxl/04549_hr,wfdb
04550_hr.dat,500.0,0,I,0.468,300,C:/Physionet/PhysioNetChallange/one_beat_out_pbxl/04550_hr,wfdb
04551_hr.dat,500.0,0,I,0.516,300,C:/Physionet/PhysioNetChallange/one_beat_out_pbxl/04551_hr,wfdb
04552_hr.dat,500.0,0,I,0.666,300,C:/Physionet/PhysioNetChallange/one_beat_out_pbxl/04552_hr,wfdb
04553_hr.dat,500.0,0,I,0.946,300,C:/Physionet/PhysioNetChallange/one_beat_out_pbxl/04553_hr,wfdb
04554_hr.dat,500.0,0,I,0.414,300,C:/Physionet/PhysioNetChallange/one_beat_out_pbxl/04554_hr,wfdb
04555_hr.dat,500.0,0,I,0.434,300,C:/Physionet/PhysioNetChallange/one_beat_out_pbxl/04555_hr,wfdb
04556_hr.dat,500.0,0,I,0.79,300,C:/Physionet/PhysioNetChallange/one_beat_out_pbxl/04556_hr,wfdb
04557_hr.dat,500.0,0,I,0.522,300,C:/Physionet/PhysioNetChallange/one_beat_out_pbxl/04557_hr,wfdb
04558_hr.dat,500.0,0,I,0.61,300,C:/Physionet/PhysioNetChallange/one_beat_out_pbxl/04558_hr,wfdb
04559_hr.dat,500.0,0,I,0.914,300,C:/Physionet/PhysioNetChallange/one_beat_out_pbxl/04559_hr,wfdb
04560_hr.dat,500.0,0,I,0.928,300,C:/Physionet/PhysioNetChallange/one_beat_out_pbxl/04560_hr,wfdb
04561_hr.dat,500.0,0,I,0.456,300,C:/Physionet/PhysioNetChallange/one_beat_out_pbxl/04561_hr,wfdb
04562_hr.dat,500.0,0,I,0.884,300,C:/Physionet/PhysioNetChallange/one_beat_out_pbxl/04562_hr,wfdb
04563_hr.dat,500.0,0,I,0.602,300,C:/Physionet/PhysioNetChallange/one_beat_out_pbxl/04563_hr,wfdb
04564_hr.dat,500.0,0,I,0.468,300,C:/Physionet/PhysioNetChallange/one_beat_out_pbxl/04564_hr,wfdb
04565_hr.dat,500.0,0,I,1.172,300,C:/Physionet/PhysioNetChallange/one_beat_out_pbxl/04565_hr,wfdb
04566_hr.dat,500.0,0,I,0.42,300,C:/Physionet/PhysioNetChallange/one_beat_out_pbxl/04566_hr,wfdb
04567_hr.dat,500.0,0,I,0.306,300,C:/Physionet/PhysioNetChallange/one_beat_out_pbxl/04567_hr,wfdb
04568_hr.dat,500.0,0,I,0.394,300,C:/Physionet/PhysioNetChallange/one_beat_out_pbxl/04568_hr,wfdb
04569_hr.dat,500.0,0,I,0.786,300,C:/Physionet/PhysioNetChallange/one_beat_out_pbxl/04569_hr,wfdb
04570_hr.dat,500.0,0,I,0.642,300,C:/Physionet/PhysioNetChallange/one_beat_out_pbxl/04570_hr,wfdb
04571_hr.dat,500.0,0,I,0.606,300,C:/Physionet/PhysioNetChallange/one_beat_out_pbxl/04571_hr,wfdb
04572_hr.dat,500.0,0,I,0.762,300,C:/Physionet/PhysioNetChallange/one_beat_out_pbxl/04572_hr,wfdb
04573_hr.dat,500.0,0,I,0.448,300,C:/Physionet/PhysioNetChallange/one_beat_out_pbxl/04573_hr,wfdb
04574_hr.dat,500.0,0,I,0.95,300,C:/Physionet/PhysioNetChallange/one_beat_out_pbxl/04574_hr,wfdb
04575_hr.dat,500.0,0,I,1.008,300,C:/Physionet/PhysioNetChallange/one_beat_out_pbxl/04575_hr,wfdb
04576_hr.dat,500.0,0,I,0.474,300,C:/Physionet/PhysioNetChallange/one_beat_out_pbxl/04576_hr,wfdb
04577_hr.dat,500.0,0,I,0.356,300,C:/Physionet/PhysioNetChallange/one_beat_out_pbxl/04577_hr,wfdb
04578_hr.dat,500.0,0,I,0.698,300,C:/Physionet/PhysioNetChallange/one_beat_out_pbxl/04578_hr,wfdb
04579_hr.dat,500.0,0,I,0.568,300,C:/Physionet/PhysioNetChallange/one_beat_out_pbxl/04579_hr,wfdb
04580_hr.dat,500.0,0,I,1.08,300,C:/Physionet/PhysioNetChallange/one_beat_out_pbxl/04580_hr,wfdb
04581_hr.dat,500.0,0,I,0.316,300,C:/Physionet/PhysioNetChallange/one_beat_out_pbxl/04581_hr,wfdb
04582_hr.dat,500.0,0,I,0.794,300,C:/Physionet/PhysioNetChallange/one_beat_out_pbxl/04582_hr,wfdb
04583_hr.dat,500.0,0,I,0.616,300,C:/Physionet/PhysioNetChallange/one_beat_out_pbxl/04583_hr,wfdb
04584_hr.dat,500.0,0,I,1.08,300,C:/Physionet/PhysioNetChallange/one_beat_out_pbxl/04584_hr,wfdb
04585_hr.dat,500.0,0,I,1.012,300,C:/Physionet/PhysioNetChallange/one_beat_out_pbxl/04585_hr,wfdb
04586_hr.dat,500.0,0,I,0.562,300,C:/Physionet/PhysioNetChallange/one_beat_out_pbxl/04586_hr,wfdb
04587_hr.dat,500.0,0,I,0.742,300,C:/Physionet/PhysioNetChallange/one_beat_out_pbxl/04587_hr,wfdb
04588_hr.dat,500.0,0,I,0.996,300,C:/Physionet/PhysioNetChallange/one_beat_out_pbxl/04588_hr,wfdb
04589_hr.dat,500.0,0,I,0.866,300,C:/Physionet/PhysioNetChallange/one_beat_out_pbxl/04589_hr,wfdb
04590_hr.dat,500.0,0,I,0.426,300,C:/Physionet/PhysioNetChallange/one_beat_out_pbxl/04590_hr,wfdb
04591_hr.dat,500.0,0,I,0.384,300,C:/Physionet/PhysioNetChallange/one_beat_out_pbxl/04591_hr,wfdb
04592_hr.dat,500.0,0,I,0.474,300,C:/Physionet/PhysioNetChallange/one_beat_out_pbxl/04592_hr,wfdb
04593_hr.dat,500.0,0,I,0.466,300,C:/Physionet/PhysioNetChallange/one_beat_out_pbxl/04593_hr,wfdb
04594_hr.dat,500.0,0,I,0.936,300,C:/Physionet/PhysioNetChallange/one_beat_out_pbxl/04594_hr,wfdb
04595_hr.dat,500.0,0,I,0.778,300,C:/Physionet/PhysioNetChallange/one_beat_out_pbxl/04595_hr,wfdb
04596_hr.dat,500.0,0,I,0.398,300,C:/Physionet/PhysioNetChallange/one_beat_out_pbxl/04596_hr,wfdb
04597_hr.dat,500.0,0,I,0.69,300,C:/Physionet/PhysioNetChallange/one_beat_out_pbxl/04597_hr,wfdb
04598_hr.dat,500.0,0,I,1.076,300,C:/Physionet/PhysioNetChallange/one_beat_out_pbxl/04598_hr,wfdb
04599_hr.dat,500.0,0,I,0.732,300,C:/Physionet/PhysioNetChallange/one_beat_out_pbxl/04599_hr,wfdb
04600_hr.dat,500.0,0,I,0.846,300,C:/Physionet/PhysioNetChallange/one_beat_out_pbxl/04600_hr,wfdb
04601_hr.dat,500.0,0,I,0.308,300,C:/Physionet/PhysioNetChallange/one_beat_out_pbxl/04601_hr,wfdb
04602_hr.dat,500.0,0,I,0.48,300,C:/Physionet/PhysioNetChallange/one_beat_out_pbxl/04602_hr,wfdb
04603_hr.dat,500.0,0,I,0.57,300,C:/Physionet/PhysioNetChallange/one_beat_out_pbxl/04603_hr,wfdb
04604_hr.dat,500.0,0,I,1.072,300,C:/Physionet/PhysioNetChallange/one_beat_out_pbxl/04604_hr,wfdb
04605_hr.dat,500.0,0,I,1.344,300,C:/Physionet/PhysioNetChallange/one_beat_out_pbxl/04605_hr,wfdb
04606_hr.dat,500.0,0,I,0.518,300,C:/Physionet/PhysioNetChallange/one_beat_out_pbxl/04606_hr,wfdb
04607_hr.dat,500.0,0,I,0.354,300,C:/Physionet/PhysioNetChallange/one_beat_out_pbxl/04607_hr,wfdb
04608_hr.dat,500.0,0,I,1.344,300,C:/Physionet/PhysioNetChallange/one_beat_out_pbxl/04608_hr,wfdb
04609_hr.dat,500.0,0,I,0.456,300,C:/Physionet/PhysioNetChallange/one_beat_out_pbxl/04609_hr,wfdb
04610_hr.dat,500.0,0,I,0.522,300,C:/Physionet/PhysioNetChallange/one_beat_out_pbxl/04610_hr,wfdb
04611_hr.dat,500.0,0,I,0.548,300,C:/Physionet/PhysioNetChallange/one_beat_out_pbxl/04611_hr,wfdb
04612_hr.dat,500.0,0,I,0.394,300,C:/Physionet/PhysioNetChallange/one_beat_out_pbxl/04612_hr,wfdb
04613_hr.dat,500.0,0,I,0.854,300,C:/Physionet/PhysioNetChallange/one_beat_out_pbxl/04613_hr,wfdb
04614_hr.dat,500.0,0,I,1.028,300,C:/Physionet/PhysioNetChallange/one_beat_out_pbxl/04614_hr,wfdb
04615_hr.dat,500.0,0,I,0.664,300,C:/Physionet/PhysioNetChallange/one_beat_out_pbxl/04615_hr,wfdb
04616_hr.dat,500.0,0,I,1.208,300,C:/Physionet/PhysioNetChallange/one_beat_out_pbxl/04616_hr,wfdb
04617_hr.dat,500.0,0,I,0.876,300,C:/Physionet/PhysioNetChallange/one_beat_out_pbxl/04617_hr,wfdb
04618_hr.dat,500.0,0,I,0.714,300,C:/Physionet/PhysioNetChallange/one_beat_out_pbxl/04618_hr,wfdb
04619_hr.dat,500.0,0,I,0.802,300,C:/Physionet/PhysioNetChallange/one_beat_out_pbxl/04619_hr,wfdb
04620_hr.dat,500.0,0,I,0.468,300,C:/Physionet/PhysioNetChallange/one_beat_out_pbxl/04620_hr,wfdb
04621_hr.dat,500.0,0,I,0.56,300,C:/Physionet/PhysioNetChallange/one_beat_out_pbxl/04621_hr,wfdb
04622_hr.dat,500.0,0,I,0.53,300,C:/Physionet/PhysioNetChallange/one_beat_out_pbxl/04622_hr,wfdb
04623_hr.dat,500.0,0,I,0.326,300,C:/Physionet/PhysioNetChallange/one_beat_out_pbxl/04623_hr,wfdb
04624_hr.dat,500.0,0,I,0.95,300,C:/Physionet/PhysioNetChallange/one_beat_out_pbxl/04624_hr,wfdb
04625_hr.dat,500.0,0,I,0.83,300,C:/Physionet/PhysioNetChallange/one_beat_out_pbxl/04625_hr,wfdb
04626_hr.dat,500.0,0,I,0.42,300,C:/Physionet/PhysioNetChallange/one_beat_out_pbxl/04626_hr,wfdb
04627_hr.dat,500.0,0,I,0.542,300,C:/Physionet/PhysioNetChallange/one_beat_out_pbxl/04627_hr,wfdb
04628_hr.dat,500.0,0,I,0.602,300,C:/Physionet/PhysioNetChallange/one_beat_out_pbxl/04628_hr,wfdb
04629_hr.dat,500.0,0,I,0.96,300,C:/Physionet/PhysioNetChallange/one_beat_out_pbxl/04629_hr,wfdb
04630_hr.dat,500.0,0,I,0.764,300,C:/Physionet/PhysioNetChallange/one_beat_out_pbxl/04630_hr,wfdb
04631_hr.dat,500.0,0,I,0.316,300,C:/Physionet/PhysioNetChallange/one_beat_out_pbxl/04631_hr,wfdb
04632_hr.dat,500.0,0,I,0.368,300,C:/Physionet/PhysioNetChallange/one_beat_out_pbxl/04632_hr,wfdb
04633_hr.dat,500.0,0,I,0.376,300,C:/Physionet/PhysioNetChallange/one_beat_out_pbxl/04633_hr,wfdb
04634_hr.dat,500.0,0,I,1.17,300,C:/Physionet/PhysioNetChallange/one_beat_out_pbxl/04634_hr,wfdb
04635_hr.dat,500.0,0,I,0.48,300,C:/Physionet/PhysioNetChallange/one_beat_out_pbxl/04635_hr,wfdb
04636_hr.dat,500.0,0,I,0.588,300,C:/Physionet/PhysioNetChallange/one_beat_out_pbxl/04636_hr,wfdb
04637_hr.dat,500.0,0,I,0.448,300,C:/Physionet/PhysioNetChallange/one_beat_out_pbxl/04637_hr,wfdb
04638_hr.dat,500.0,0,I,0.432,300,C:/Physionet/PhysioNetChallange/one_beat_out_pbxl/04638_hr,wfdb
04639_hr.dat,500.0,0,I,0.402,300,C:/Physionet/PhysioNetChallange/one_beat_out_pbxl/04639_hr,wfdb
04640_hr.dat,500.0,0,I,0.966,300,C:/Physionet/PhysioNetChallange/one_beat_out_pbxl/04640_hr,wfdb
04641_hr.dat,500.0,0,I,0.77,300,C:/Physionet/PhysioNetChallange/one_beat_out_pbxl/04641_hr,wfdb
04642_hr.dat,500.0,0,I,0.66,300,C:/Physionet/PhysioNetChallange/one_beat_out_pbxl/04642_hr,wfdb
04643_hr.dat,500.0,0,I,0.826,300,C:/Physionet/PhysioNetChallange/one_beat_out_pbxl/04643_hr,wfdb
04644_hr.dat,500.0,0,I,0.814,300,C:/Physionet/PhysioNetChallange/one_beat_out_pbxl/04644_hr,wfdb
04645_hr.dat,500.0,0,I,0.696,300,C:/Physionet/PhysioNetChallange/one_beat_out_pbxl/04645_hr,wfdb
04646_hr.dat,500.0,0,I,0.848,300,C:/Physionet/PhysioNetChallange/one_beat_out_pbxl/04646_hr,wfdb
04647_hr.dat,500.0,0,I,0.576,300,C:/Physionet/PhysioNetChallange/one_beat_out_pbxl/04647_hr,wfdb
04648_hr.dat,500.0,0,I,0.676,300,C:/Physionet/PhysioNetChallange/one_beat_out_pbxl/04648_hr,wfdb
04649_hr.dat,500.0,0,I,1.132,300,C:/Physionet/PhysioNetChallange/one_beat_out_pbxl/04649_hr,wfdb
04650_hr.dat,500.0,0,I,0.764,300,C:/Physionet/PhysioNetChallange/one_beat_out_pbxl/04650_hr,wfdb
04651_hr.dat,500.0,0,I,0.786,300,C:/Physionet/PhysioNetChallange/one_beat_out_pbxl/04651_hr,wfdb
04652_hr.dat,500.0,0,I,0.912,300,C:/Physionet/PhysioNetChallange/one_beat_out_pbxl/04652_hr,wfdb
04653_hr.dat,500.0,0,I,0.864,300,C:/Physionet/PhysioNetChallange/one_beat_out_pbxl/04653_hr,wfdb
04654_hr.dat,500.0,0,I,0.536,300,C:/Physionet/PhysioNetChallange/one_beat_out_pbxl/04654_hr,wfdb
04655_hr.dat,500.0,0,I,0.372,300,C:/Physionet/PhysioNetChallange/one_beat_out_pbxl/04655_hr,wfdb
04656_hr.dat,500.0,0,I,1.158,300,C:/Physionet/PhysioNetChallange/one_beat_out_pbxl/04656_hr,wfdb
04657_hr.dat,500.0,0,I,0.834,300,C:/Physionet/PhysioNetChallange/one_beat_out_pbxl/04657_hr,wfdb
04658_hr.dat,500.0,0,I,1.094,300,C:/Physionet/PhysioNetChallange/one_beat_out_pbxl/04658_hr,wfdb
04659_hr.dat,500.0,0,I,1.056,300,C:/Physionet/PhysioNetChallange/one_beat_out_pbxl/04659_hr,wfdb
04660_hr.dat,500.0,0,I,0.984,300,C:/Physionet/PhysioNetChallange/one_beat_out_pbxl/04660_hr,wfdb
04661_hr.dat,500.0,0,I,0.986,300,C:/Physionet/PhysioNetChallange/one_beat_out_pbxl/04661_hr,wfdb
04662_hr.dat,500.0,0,I,0.84,300,C:/Physionet/PhysioNetChallange/one_beat_out_pbxl/04662_hr,wfdb
04663_hr.dat,500.0,0,I,0.49,300,C:/Physionet/PhysioNetChallange/one_beat_out_pbxl/04663_hr,wfdb
04664_hr.dat,500.0,0,I,0.518,300,C:/Physionet/PhysioNetChallange/one_beat_out_pbxl/04664_hr,wfdb
04665_hr.dat,500.0,0,I,1.06,300,C:/Physionet/PhysioNetChallange/one_beat_out_pbxl/04665_hr,wfdb
04666_hr.dat,500.0,0,I,0.798,300,C:/Physionet/PhysioNetChallange/one_beat_out_pbxl/04666_hr,wfdb
04667_hr.dat,500.0,0,I,1.392,300,C:/Physionet/PhysioNetChallange/one_beat_out_pbxl/04667_hr,wfdb
04668_hr.dat,500.0,0,I,0.592,300,C:/Physionet/PhysioNetChallange/one_beat_out_pbxl/04668_hr,wfdb
04669_hr.dat,500.0,0,I,0.546,300,C:/Physionet/PhysioNetChallange/one_beat_out_pbxl/04669_hr,wfdb
04670_hr.dat,500.0,0,I,0.356,300,C:/Physionet/PhysioNetChallange/one_beat_out_pbxl/04670_hr,wfdb
04671_hr.dat,500.0,0,I,0.376,300,C:/Physionet/PhysioNetChallange/one_beat_out_pbxl/04671_hr,wfdb
04672_hr.dat,500.0,0,I,0.438,300,C:/Physionet/PhysioNetChallange/one_beat_out_pbxl/04672_hr,wfdb
04673_hr.dat,500.0,0,I,1.004,300,C:/Physionet/PhysioNetChallange/one_beat_out_pbxl/04673_hr,wfdb
04674_hr.dat,500.0,0,I,0.678,300,C:/Physionet/PhysioNetChallange/one_beat_out_pbxl/04674_hr,wfdb
04675_hr.dat,500.0,0,I,0.626,300,C:/Physionet/PhysioNetChallange/one_beat_out_pbxl/04675_hr,wfdb
04676_hr.dat,500.0,0,I,0.678,300,C:/Physionet/PhysioNetChallange/one_beat_out_pbxl/04676_hr,wfdb
04677_hr.dat,500.0,0,I,0.454,300,C:/Physionet/PhysioNetChallange/one_beat_out_pbxl/04677_hr,wfdb
04678_hr.dat,500.0,0,I,0.58,300,C:/Physionet/PhysioNetChallange/one_beat_out_pbxl/04678_hr,wfdb
04679_hr.dat,500.0,0,I,0.736,300,C:/Physionet/PhysioNetChallange/one_beat_out_pbxl/04679_hr,wfdb
04680_hr.dat,500.0,0,I,0.802,300,C:/Physionet/PhysioNetChallange/one_beat_out_pbxl/04680_hr,wfdb
04681_hr.dat,500.0,0,I,0.444,300,C:/Physionet/PhysioNetChallange/one_beat_out_pbxl/04681_hr,wfdb
04682_hr.dat,500.0,0,I,0.802,300,C:/Physionet/PhysioNetChallange/one_beat_out_pbxl/04682_hr,wfdb
04683_hr.dat,500.0,0,I,0.752,300,C:/Physionet/PhysioNetChallange/one_beat_out_pbxl/04683_hr,wfdb
04684_hr.dat,500.0,0,I,0.834,300,C:/Physionet/PhysioNetChallange/one_beat_out_pbxl/04684_hr,wfdb
04685_hr.dat,500.0,0,I,0.474,300,C:/Physionet/PhysioNetChallange/one_beat_out_pbxl/04685_hr,wfdb
04686_hr.dat,500.0,0,I,0.814,300,C:/Physionet/PhysioNetChallange/one_beat_out_pbxl/04686_hr,wfdb
04687_hr.dat,500.0,0,I,0.312,300,C:/Physionet/PhysioNetChallange/one_beat_out_pbxl/04687_hr,wfdb
04688_hr.dat,500.0,0,I,1.058,300,C:/Physionet/PhysioNetChallange/one_beat_out_pbxl/04688_hr,wfdb
04689_hr.dat,500.0,0,I,0.448,300,C:/Physionet/PhysioNetChallange/one_beat_out_pbxl/04689_hr,wfdb
04690_hr.dat,500.0,0,I,1.004,300,C:/Physionet/PhysioNetChallange/one_beat_out_pbxl/04690_hr,wfdb
04691_hr.dat,500.0,0,I,0.776,300,C:/Physionet/PhysioNetChallange/one_beat_out_pbxl/04691_hr,wfdb
04692_hr.dat,500.0,0,I,0.826,300,C:/Physionet/PhysioNetChallange/one_beat_out_pbxl/04692_hr,wfdb
04693_hr.dat,500.0,0,I,0.516,300,C:/Physionet/PhysioNetChallange/one_beat_out_pbxl/04693_hr,wfdb
04694_hr.dat,500.0,0,I,0.456,300,C:/Physionet/PhysioNetChallange/one_beat_out_pbxl/04694_hr,wfdb
04695_hr.dat,500.0,0,I,0.394,300,C:/Physionet/PhysioNetChallange/one_beat_out_pbxl/04695_hr,wfdb
04696_hr.dat,500.0,0,I,0.316,300,C:/Physionet/PhysioNetChallange/one_beat_out_pbxl/04696_hr,wfdb
04697_hr.dat,500.0,0,I,0.356,300,C:/Physionet/PhysioNetChallange/one_beat_out_pbxl/04697_hr,wfdb
04698_hr.dat,500.0,0,I,1.006,300,C:/Physionet/PhysioNetChallange/one_beat_out_pbxl/04698_hr,wfdb
04699_hr.dat,500.0,0,I,0.576,300,C:/Physionet/PhysioNetChallange/one_beat_out_pbxl/04699_hr,wfdb
04700_hr.dat,500.0,0,I,0.474,300,C:/Physionet/PhysioNetChallange/one_beat_out_pbxl/04700_hr,wfdb
04701_hr.dat,500.0,0,I,0.75,300,C:/Physionet/PhysioNetChallange/one_beat_out_pbxl/04701_hr,wfdb
04702_hr.dat,500.0,0,I,0.69,300,C:/Physionet/PhysioNetChallange/one_beat_out_pbxl/04702_hr,wfdb
04703_hr.dat,500.0,0,I,0.46,300,C:/Physionet/PhysioNetChallange/one_beat_out_pbxl/04703_hr,wfdb
04704_hr.dat,500.0,0,I,0.4,300,C:/Physionet/PhysioNetChallange/one_beat_out_pbxl/04704_hr,wfdb
04705_hr.dat,500.0,0,I,1.008,300,C:/Physionet/PhysioNetChallange/one_beat_out_pbxl/04705_hr,wfdb
04706_hr.dat,500.0,0,I,1.014,300,C:/Physionet/PhysioNetChallange/one_beat_out_pbxl/04706_hr,wfdb
04707_hr.dat,500.0,0,I,0.852,300,C:/Physionet/PhysioNetChallange/one_beat_out_pbxl/04707_hr,wfdb
04708_hr.dat,500.0,0,I,1.158,300,C:/Physionet/PhysioNetChallange/one_beat_out_pbxl/04708_hr,wfdb
04709_hr.dat,500.0,0,I,0.674,300,C:/Physionet/PhysioNetChallange/one_beat_out_pbxl/04709_hr,wfdb
04710_hr.dat,500.0,0,I,0.626,300,C:/Physionet/PhysioNetChallange/one_beat_out_pbxl/04710_hr,wfdb
04711_hr.dat,500.0,0,I,0.466,300,C:/Physionet/PhysioNetChallange/one_beat_out_pbxl/04711_hr,wfdb
04712_hr.dat,500.0,0,I,0.34,300,C:/Physionet/PhysioNetChallange/one_beat_out_pbxl/04712_hr,wfdb
04713_hr.dat,500.0,0,I,0.998,300,C:/Physionet/PhysioNetChallange/one_beat_out_pbxl/04713_hr,wfdb
04714_hr.dat,500.0,0,I,0.698,300,C:/Physionet/PhysioNetChallange/one_beat_out_pbxl/04714_hr,wfdb
04715_hr.dat,500.0,0,I,0.558,300,C:/Physionet/PhysioNetChallange/one_beat_out_pbxl/04715_hr,wfdb
04716_hr.dat,500.0,0,I,0.81,300,C:/Physionet/PhysioNetChallange/one_beat_out_pbxl/04716_hr,wfdb
04717_hr.dat,500.0,0,I,0.97,300,C:/Physionet/PhysioNetChallange/one_beat_out_pbxl/04717_hr,wfdb
04718_hr.dat,500.0,0,I,0.626,300,C:/Physionet/PhysioNetChallange/one_beat_out_pbxl/04718_hr,wfdb
04719_hr.dat,500.0,0,I,0.438,300,C:/Physionet/PhysioNetChallange/one_beat_out_pbxl/04719_hr,wfdb
04720_hr.dat,500.0,0,I,0.744,300,C:/Physionet/PhysioNetChallange/one_beat_out_pbxl/04720_hr,wfdb
04721_hr.dat,500.0,0,I,0.786,300,C:/Physionet/PhysioNetChallange/one_beat_out_pbxl/04721_hr,wfdb
04722_hr.dat,500.0,0,I,0.422,300,C:/Physionet/PhysioNetChallange/one_beat_out_pbxl/04722_hr,wfdb
04723_hr.dat,500.0,0,I,0.752,300,C:/Physionet/PhysioNetChallange/one_beat_out_pbxl/04723_hr,wfdb
04724_hr.dat,500.0,0,I,0.496,300,C:/Physionet/PhysioNetChallange/one_beat_out_pbxl/04724_hr,wfdb
04725_hr.dat,500.0,0,I,0.496,300,C:/Physionet/PhysioNetChallange/one_beat_out_pbxl/04725_hr,wfdb
04726_hr.dat,500.0,0,I,1.094,300,C:/Physionet/PhysioNetChallange/one_beat_out_pbxl/04726_hr,wfdb
04727_hr.dat,500.0,0,I,0.73,300,C:/Physionet/PhysioNetChallange/one_beat_out_pbxl/04727_hr,wfdb
04728_hr.dat,500.0,0,I,0.304,300,C:/Physionet/PhysioNetChallange/one_beat_out_pbxl/04728_hr,wfdb
04729_hr.dat,500.0,0,I,0.816,300,C:/Physionet/PhysioNetChallange/one_beat_out_pbxl/04729_hr,wfdb
04730_hr.dat,500.0,0,I,0.826,300,C:/Physionet/PhysioNetChallange/one_beat_out_pbxl/04730_hr,wfdb
04731_hr.dat,500.0,0,I,0.388,300,C:/Physionet/PhysioNetChallange/one_beat_out_pbxl/04731_hr,wfdb
04732_hr.dat,500.0,0,I,0.966,300,C:/Physionet/PhysioNetChallange/one_beat_out_pbxl/04732_hr,wfdb
04733_hr.dat,500.0,0,I,0.676,300,C:/Physionet/PhysioNetChallange/one_beat_out_pbxl/04733_hr,wfdb
04734_hr.dat,500.0,0,I,0.934,300,C:/Physionet/PhysioNetChallange/one_beat_out_pbxl/04734_hr,wfdb
04735_hr.dat,500.0,0,I,1.354,300,C:/Physionet/PhysioNetChallange/one_beat_out_pbxl/04735_hr,wfdb
04736_hr.dat,500.0,0,I,0.798,300,C:/Physionet/PhysioNetChallange/one_beat_out_pbxl/04736_hr,wfdb
04737_hr.dat,500.0,0,I,0.94,300,C:/Physionet/PhysioNetChallange/one_beat_out_pbxl/04737_hr,wfdb
04738_hr.dat,500.0,0,I,1.252,300,C:/Physionet/PhysioNetChallange/one_beat_out_pbxl/04738_hr,wfdb
04739_hr.dat,500.0,0,I,1.418,300,C:/Physionet/PhysioNetChallange/one_beat_out_pbxl/04739_hr,wfdb
04740_hr.dat,500.0,0,I,0.866,300,C:/Physionet/PhysioNetChallange/one_beat_out_pbxl/04740_hr,wfdb
04741_hr.dat,500.0,0,I,0.924,300,C:/Physionet/PhysioNetChallange/one_beat_out_pbxl/04741_hr,wfdb
04742_hr.dat,500.0,0,I,0.438,300,C:/Physionet/PhysioNetChallange/one_beat_out_pbxl/04742_hr,wfdb
04743_hr.dat,500.0,0,I,0.56,300,C:/Physionet/PhysioNetChallange/one_beat_out_pbxl/04743_hr,wfdb
04744_hr.dat,500.0,0,I,1.5,300,C:/Physionet/PhysioNetChallange/one_beat_out_pbxl/04744_hr,wfdb
04745_hr.dat,500.0,0,I,0.754,300,C:/Physionet/PhysioNetChallange/one_beat_out_pbxl/04745_hr,wfdb
04746_hr.dat,500.0,0,I,0.842,300,C:/Physionet/PhysioNetChallange/one_beat_out_pbxl/04746_hr,wfdb
04747_hr.dat,500.0,0,I,0.7,300,C:/Physionet/PhysioNetChallange/one_beat_out_pbxl/04747_hr,wfdb
04748_hr.dat,500.0,0,I,0.778,300,C:/Physionet/PhysioNetChallange/one_beat_out_pbxl/04748_hr,wfdb
04749_hr.dat,500.0,0,I,1.466,300,C:/Physionet/PhysioNetChallange/one_beat_out_pbxl/04749_hr,wfdb
04750_hr.dat,500.0,0,I,0.454,300,C:/Physionet/PhysioNetChallange/one_beat_out_pbxl/04750_hr,wfdb
04751_hr.dat,500.0,0,I,0.816,300,C:/Physionet/PhysioNetChallange/one_beat_out_pbxl/04751_hr,wfdb
04752_hr.dat,500.0,0,I,0.666,300,C:/Physionet/PhysioNetChallange/one_beat_out_pbxl/04752_hr,wfdb
04753_hr.dat,500.0,0,I,0.692,300,C:/Physionet/PhysioNetChallange/one_beat_out_pbxl/04753_hr,wfdb
04754_hr.dat,500.0,0,I,0.66,300,C:/Physionet/PhysioNetChallange/one_beat_out_pbxl/04754_hr,wfdb
04755_hr.dat,500.0,0,I,0.92,300,C:/Physionet/PhysioNetChallange/one_beat_out_pbxl/04755_hr,wfdb
04756_hr.dat,500.0,0,I,0.828,300,C:/Physionet/PhysioNetChallange/one_beat_out_pbxl/04756_hr,wfdb
04757_hr.dat,500.0,0,I,1.006,300,C:/Physionet/PhysioNetChallange/one_beat_out_pbxl/04757_hr,wfdb
04758_hr.dat,500.0,0,I,0.38,300,C:/Physionet/PhysioNetChallange/one_beat_out_pbxl/04758_hr,wfdb
04759_hr.dat,500.0,0,I,0.346,300,C:/Physionet/PhysioNetChallange/one_beat_out_pbxl/04759_hr,wfdb
04760_hr.dat,500.0,0,I,0.636,300,C:/Physionet/PhysioNetChallange/one_beat_out_pbxl/04760_hr,wfdb
04761_hr.dat,500.0,0,I,0.738,300,C:/Physionet/PhysioNetChallange/one_beat_out_pbxl/04761_hr,wfdb
04762_hr.dat,500.0,0,I,1.134,300,C:/Physionet/PhysioNetChallange/one_beat_out_pbxl/04762_hr,wfdb
04763_hr.dat,500.0,0,I,0.352,300,C:/Physionet/PhysioNetChallange/one_beat_out_pbxl/04763_hr,wfdb
04764_hr.dat,500.0,0,I,0.536,300,C:/Physionet/PhysioNetChallange/one_beat_out_pbxl/04764_hr,wfdb
04765_hr.dat,500.0,0,I,1.046,300,C:/Physionet/PhysioNetChallange/one_beat_out_pbxl/04765_hr,wfdb
04766_hr.dat,500.0,0,I,0.548,300,C:/Physionet/PhysioNetChallange/one_beat_out_pbxl/04766_hr,wfdb
04767_hr.dat,500.0,0,I,0.72,300,C:/Physionet/PhysioNetChallange/one_beat_out_pbxl/04767_hr,wfdb
04768_hr.dat,500.0,0,I,0.56,300,C:/Physionet/PhysioNetChallange/one_beat_out_pbxl/04768_hr,wfdb
04769_hr.dat,500.0,0,I,0.59,300,C:/Physionet/PhysioNetChallange/one_beat_out_pbxl/04769_hr,wfdb
04770_hr.dat,500.0,0,I,0.33,300,C:/Physionet/PhysioNetChallange/one_beat_out_pbxl/04770_hr,wfdb
04771_hr.dat,500.0,0,I,0.712,300,C:/Physionet/PhysioNetChallange/one_beat_out_pbxl/04771_hr,wfdb
04772_hr.dat,500.0,0,I,0.702,300,C:/Physionet/PhysioNetChallange/one_beat_out_pbxl/04772_hr,wfdb
04773_hr.dat,500.0,0,I,0.866,300,C:/Physionet/PhysioNetChallange/one_beat_out_pbxl/04773_hr,wfdb
04774_hr.dat,500.0,0,I,0.844,300,C:/Physionet/PhysioNetChallange/one_beat_out_pbxl/04774_hr,wfdb
04775_hr.dat,500.0,0,I,0.412,300,C:/Physionet/PhysioNetChallange/one_beat_out_pbxl/04775_hr,wfdb
04776_hr.dat,500.0,0,I,0.51,300,C:/Physionet/PhysioNetChallange/one_beat_out_pbxl/04776_hr,wfdb
04777_hr.dat,500.0,0,I,0.986,300,C:/Physionet/PhysioNetChallange/one_beat_out_pbxl/04777_hr,wfdb
04778_hr.dat,500.0,0,I,1.268,300,C:/Physionet/PhysioNetChallange/one_beat_out_pbxl/04778_hr,wfdb
04779_hr.dat,500.0,0,I,0.838,300,C:/Physionet/PhysioNetChallange/one_beat_out_pbxl/04779_hr,wfdb
04780_hr.dat,500.0,0,I,0.858,300,C:/Physionet/PhysioNetChallange/one_beat_out_pbxl/04780_hr,wfdb
04781_hr.dat,500.0,0,I,0.382,300,C:/Physionet/PhysioNetChallange/one_beat_out_pbxl/04781_hr,wfdb
04782_hr.dat,500.0,0,I,0.506,300,C:/Physionet/PhysioNetChallange/one_beat_out_pbxl/04782_hr,wfdb
04783_hr.dat,500.0,0,I,0.79,300,C:/Physionet/PhysioNetChallange/one_beat_out_pbxl/04783_hr,wfdb
04784_hr.dat,500.0,0,I,0.35,300,C:/Physionet/PhysioNetChallange/one_beat_out_pbxl/04784_hr,wfdb
04785_hr.dat,500.0,0,I,0.434,300,C:/Physionet/PhysioNetChallange/one_beat_out_pbxl/04785_hr,wfdb
04786_hr.dat,500.0,0,I,0.49,300,C:/Physionet/PhysioNetChallange/one_beat_out_pbxl/04786_hr,wfdb
04787_hr.dat,500.0,0,I,0.968,300,C:/Physionet/PhysioNetChallange/one_beat_out_pbxl/04787_hr,wfdb
04788_hr.dat,500.0,0,I,0.332,300,C:/Physionet/PhysioNetChallange/one_beat_out_pbxl/04788_hr,wfdb
04789_hr.dat,500.0,0,I,1.004,300,C:/Physionet/PhysioNetChallange/one_beat_out_pbxl/04789_hr,wfdb
04790_hr.dat,500.0,0,I,0.316,300,C:/Physionet/PhysioNetChallange/one_beat_out_pbxl/04790_hr,wfdb
04791_hr.dat,500.0,0,I,0.332,300,C:/Physionet/PhysioNetChallange/one_beat_out_pbxl/04791_hr,wfdb
04792_hr.dat,500.0,0,I,0.996,300,C:/Physionet/PhysioNetChallange/one_beat_out_pbxl/04792_hr,wfdb
04793_hr.dat,500.0,0,I,1.076,300,C:/Physionet/PhysioNetChallange/one_beat_out_pbxl/04793_hr,wfdb
04794_hr.dat,500.0,0,I,0.63,300,C:/Physionet/PhysioNetChallange/one_beat_out_pbxl/04794_hr,wfdb
04795_hr.dat,500.0,0,I,1.074,300,C:/Physionet/PhysioNetChallange/one_beat_out_pbxl/04795_hr,wfdb
04796_hr.dat,500.0,0,I,0.54,300,C:/Physionet/PhysioNetChallange/one_beat_out_pbxl/04796_hr,wfdb
04797_hr.dat,500.0,0,I,0.45,300,C:/Physionet/PhysioNetChallange/one_beat_out_pbxl/04797_hr,wfdb
04798_hr.dat,500.0,0,I,0.636,300,C:/Physionet/PhysioNetChallange/one_beat_out_pbxl/04798_hr,wfdb
04799_hr.dat,500.0,0,I,0.404,300,C:/Physionet/PhysioNetChallange/one_beat_out_pbxl/04799_hr,wfdb
04800_hr.dat,500.0,0,I,0.382,300,C:/Physionet/PhysioNetChallange/one_beat_out_pbxl/04800_hr,wfdb
04801_hr.dat,500.0,0,I,0.746,300,C:/Physionet/PhysioNetChallange/one_beat_out_pbxl/04801_hr,wfdb
04802_hr.dat,500.0,0,I,0.46,300,C:/Physionet/PhysioNetChallange/one_beat_out_pbxl/04802_hr,wfdb
04803_hr.dat,500.0,0,I,0.534,300,C:/Physionet/PhysioNetChallange/one_beat_out_pbxl/04803_hr,wfdb
04804_hr.dat,500.0,0,I,0.946,300,C:/Physionet/PhysioNetChallange/one_beat_out_pbxl/04804_hr,wfdb
04805_hr.dat,500.0,0,I,0.548,300,C:/Physionet/PhysioNetChallange/one_beat_out_pbxl/04805_hr,wfdb
04806_hr.dat,500.0,0,I,0.898,300,C:/Physionet/PhysioNetChallange/one_beat_out_pbxl/04806_hr,wfdb
04807_hr.dat,500.0,0,I,0.318,300,C:/Physionet/PhysioNetChallange/one_beat_out_pbxl/04807_hr,wfdb
04808_hr.dat,500.0,0,I,0.342,300,C:/Physionet/PhysioNetChallange/one_beat_out_pbxl/04808_hr,wfdb
04809_hr.dat,500.0,0,I,1.008,300,C:/Physionet/PhysioNetChallange/one_beat_out_pbxl/04809_hr,wfdb
04810_hr.dat,500.0,0,I,0.89,300,C:/Physionet/PhysioNetChallange/one_beat_out_pbxl/04810_hr,wfdb
04811_hr.dat,500.0,0,I,0.644,300,C:/Physionet/PhysioNetChallange/one_beat_out_pbxl/04811_hr,wfdb
04812_hr.dat,500.0,0,I,0.428,300,C:/Physionet/PhysioNetChallange/one_beat_out_pbxl/04812_hr,wfdb
04813_hr.dat,500.0,0,I,0.526,300,C:/Physionet/PhysioNetChallange/one_beat_out_pbxl/04813_hr,wfdb
04814_hr.dat,500.0,0,I,0.904,300,C:/Physionet/PhysioNetChallange/one_beat_out_pbxl/04814_hr,wfdb
04815_hr.dat,500.0,0,I,0.34,300,C:/Physionet/PhysioNetChallange/one_beat_out_pbxl/04815_hr,wfdb
04816_hr.dat,500.0,0,I,1.072,300,C:/Physionet/PhysioNetChallange/one_beat_out_pbxl/04816_hr,wfdb
04817_hr.dat,500.0,0,I,1.0,300,C:/Physionet/PhysioNetChallange/one_beat_out_pbxl/04817_hr,wfdb
04818_hr.dat,500.0,0,I,0.654,300,C:/Physionet/PhysioNetChallange/one_beat_out_pbxl/04818_hr,wfdb
04819_hr.dat,500.0,0,I,1.11,300,C:/Physionet/PhysioNetChallange/one_beat_out_pbxl/04819_hr,wfdb
04820_hr.dat,500.0,0,I,1.102,300,C:/Physionet/PhysioNetChallange/one_beat_out_pbxl/04820_hr,wfdb
04821_hr.dat,500.0,0,I,0.62,300,C:/Physionet/PhysioNetChallange/one_beat_out_pbxl/04821_hr,wfdb
04822_hr.dat,500.0,0,I,0.674,300,C:/Physionet/PhysioNetChallange/one_beat_out_pbxl/04822_hr,wfdb
04823_hr.dat,500.0,0,I,1.242,300,C:/Physionet/PhysioNetChallange/one_beat_out_pbxl/04823_hr,wfdb
04824_hr.dat,500.0,0,I,1.272,300,C:/Physionet/PhysioNetChallange/one_beat_out_pbxl/04824_hr,wfdb
04825_hr.dat,500.0,0,I,0.346,300,C:/Physionet/PhysioNetChallange/one_beat_out_pbxl/04825_hr,wfdb
04826_hr.dat,500.0,0,I,0.54,300,C:/Physionet/PhysioNetChallange/one_beat_out_pbxl/04826_hr,wfdb
04827_hr.dat,500.0,0,I,1.032,300,C:/Physionet/PhysioNetChallange/one_beat_out_pbxl/04827_hr,wfdb
04828_hr.dat,500.0,0,I,0.832,300,C:/Physionet/PhysioNetChallange/one_beat_out_pbxl/04828_hr,wfdb
04829_hr.dat,500.0,0,I,1.14,300,C:/Physionet/PhysioNetChallange/one_beat_out_pbxl/04829_hr,wfdb
04830_hr.dat,500.0,0,I,0.466,300,C:/Physionet/PhysioNetChallange/one_beat_out_pbxl/04830_hr,wfdb
04831_hr.dat,500.0,0,I,0.446,300,C:/Physionet/PhysioNetChallange/one_beat_out_pbxl/04831_hr,wfdb
04832_hr.dat,500.0,0,I,0.952,300,C:/Physionet/PhysioNetChallange/one_beat_out_pbxl/04832_hr,wfdb
04833_hr.dat,500.0,0,I,0.574,300,C:/Physionet/PhysioNetChallange/one_beat_out_pbxl/04833_hr,wfdb
04834_hr.dat,500.0,0,I,0.874,300,C:/Physionet/PhysioNetChallange/one_beat_out_pbxl/04834_hr,wfdb
04835_hr.dat,500.0,0,I,1.24,300,C:/Physionet/PhysioNetChallange/one_beat_out_pbxl/04835_hr,wfdb
04836_hr.dat,500.0,0,I,0.768,300,C:/Physionet/PhysioNetChallange/one_beat_out_pbxl/04836_hr,wfdb
04837_hr.dat,500.0,0,I,0.722,300,C:/Physionet/PhysioNetChallange/one_beat_out_pbxl/04837_hr,wfdb
04838_hr.dat,500.0,0,I,0.966,300,C:/Physionet/PhysioNetChallange/one_beat_out_pbxl/04838_hr,wfdb
04839_hr.dat,500.0,0,I,0.782,300,C:/Physionet/PhysioNetChallange/one_beat_out_pbxl/04839_hr,wfdb
04840_hr.dat,500.0,0,I,0.334,300,C:/Physionet/PhysioNetChallange/one_beat_out_pbxl/04840_hr,wfdb
04841_hr.dat,500.0,0,I,0.474,300,C:/Physionet/PhysioNetChallange/one_beat_out_pbxl/04841_hr,wfdb
04842_hr.dat,500.0,0,I,0.764,300,C:/Physionet/PhysioNetChallange/one_beat_out_pbxl/04842_hr,wfdb
04843_hr.dat,500.0,0,I,0.438,300,C:/Physionet/PhysioNetChallange/one_beat_out_pbxl/04843_hr,wfdb
04844_hr.dat,500.0,0,I,0.652,300,C:/Physionet/PhysioNetChallange/one_beat_out_pbxl/04844_hr,wfdb
04845_hr.dat,500.0,0,I,0.382,300,C:/Physionet/PhysioNetChallange/one_beat_out_pbxl/04845_hr,wfdb
04846_hr.dat,500.0,0,I,1.054,300,C:/Physionet/PhysioNetChallange/one_beat_out_pbxl/04846_hr,wfdb
04847_hr.dat,500.0,0,I,0.508,300,C:/Physionet/PhysioNetChallange/one_beat_out_pbxl/04847_hr,wfdb
04848_hr.dat,500.0,0,I,0.864,300,C:/Physionet/PhysioNetChallange/one_beat_out_pbxl/04848_hr,wfdb
04849_hr.dat,500.0,0,I,0.708,300,C:/Physionet/PhysioNetChallange/one_beat_out_pbxl/04849_hr,wfdb
04850_hr.dat,500.0,0,I,1.066,300,C:/Physionet/PhysioNetChallange/one_beat_out_pbxl/04850_hr,wfdb
04851_hr.dat,500.0,0,I,0.692,300,C:/Physionet/PhysioNetChallange/one_beat_out_pbxl/04851_hr,wfdb
04852_hr.dat,500.0,0,I,1.33,300,C:/Physionet/PhysioNetChallange/one_beat_out_pbxl/04852_hr,wfdb
04853_hr.dat,500.0,0,I,0.844,300,C:/Physionet/PhysioNetChallange/one_beat_out_pbxl/04853_hr,wfdb
04854_hr.dat,500.0,0,I,0.4,300,C:/Physionet/PhysioNetChallange/one_beat_out_pbxl/04854_hr,wfdb
04855_hr.dat,500.0,0,I,0.654,300,C:/Physionet/PhysioNetChallange/one_beat_out_pbxl/04855_hr,wfdb
04856_hr.dat,500.0,0,I,0.964,300,C:/Physionet/PhysioNetChallange/one_beat_out_pbxl/04856_hr,wfdb
04857_hr.dat,500.0,0,I,0.5,300,C:/Physionet/PhysioNetChallange/one_beat_out_pbxl/04857_hr,wfdb
04858_hr.dat,500.0,0,I,0.66,300,C:/Physionet/PhysioNetChallange/one_beat_out_pbxl/04858_hr,wfdb
04859_hr.dat,500.0,0,I,0.528,300,C:/Physionet/PhysioNetChallange/one_beat_out_pbxl/04859_hr,wfdb
04860_hr.dat,500.0,0,I,0.6,300,C:/Physionet/PhysioNetChallange/one_beat_out_pbxl/04860_hr,wfdb
04861_hr.dat,500.0,0,I,0.578,300,C:/Physionet/PhysioNetChallange/one_beat_out_pbxl/04861_hr,wfdb
04862_hr.dat,500.0,0,I,0.61,300,C:/Physionet/PhysioNetChallange/one_beat_out_pbxl/04862_hr,wfdb
04863_hr.dat,500.0,0,I,0.546,300,C:/Physionet/PhysioNetChallange/one_beat_out_pbxl/04863_hr,wfdb
04864_hr.dat,500.0,0,I,0.318,300,C:/Physionet/PhysioNetChallange/one_beat_out_pbxl/04864_hr,wfdb
04865_hr.dat,500.0,0,I,0.318,300,C:/Physionet/PhysioNetChallange/one_beat_out_pbxl/04865_hr,wfdb
04866_hr.dat,500.0,0,I,0.852,300,C:/Physionet/PhysioNetChallange/one_beat_out_pbxl/04866_hr,wfdb
04867_hr.dat,500.0,0,I,0.734,300,C:/Physionet/PhysioNetChallange/one_beat_out_pbxl/04867_hr,wfdb
04868_hr.dat,500.0,0,I,0.4,300,C:/Physionet/PhysioNetChallange/one_beat_out_pbxl/04868_hr,wfdb
04869_hr.dat,500.0,0,I,0.812,300,C:/Physionet/PhysioNetChallange/one_beat_out_pbxl/04869_hr,wfdb
04870_hr.dat,500.0,0,I,0.562,300,C:/Physionet/PhysioNetChallange/one_beat_out_pbxl/04870_hr,wfdb
04871_hr.dat,500.0,0,I,0.414,300,C:/Physionet/PhysioNetChallange/one_beat_out_pbxl/04871_hr,wfdb
04872_hr.dat,500.0,0,I,0.31,300,C:/Physionet/PhysioNetChallange/one_beat_out_pbxl/04872_hr,wfdb
04873_hr.dat,500.0,0,I,0.314,300,C:/Physionet/PhysioNetChallange/one_beat_out_pbxl/04873_hr,wfdb
04874_hr.dat,500.0,0,I,0.538,300,C:/Physionet/PhysioNetChallange/one_beat_out_pbxl/04874_hr,wfdb
04875_hr.dat,500.0,0,I,0.7,300,C:/Physionet/PhysioNetChallange/one_beat_out_pbxl/04875_hr,wfdb
04876_hr.dat,500.0,0,I,0.312,300,C:/Physionet/PhysioNetChallange/one_beat_out_pbxl/04876_hr,wfdb
04877_hr.dat,500.0,0,I,0.766,300,C:/Physionet/PhysioNetChallange/one_beat_out_pbxl/04877_hr,wfdb
04878_hr.dat,500.0,0,I,0.656,300,C:/Physionet/PhysioNetChallange/one_beat_out_pbxl/04878_hr,wfdb
04879_hr.dat,500.0,0,I,1.032,300,C:/Physionet/PhysioNetChallange/one_beat_out_pbxl/04879_hr,wfdb
04880_hr.dat,500.0,0,I,0.976,300,C:/Physionet/PhysioNetChallange/one_beat_out_pbxl/04880_hr,wfdb
04881_hr.dat,500.0,0,I,0.458,300,C:/Physionet/PhysioNetChallange/one_beat_out_pbxl/04881_hr,wfdb
04882_hr.dat,500.0,0,I,1.162,300,C:/Physionet/PhysioNetChallange/one_beat_out_pbxl/04882_hr,wfdb
04883_hr.dat,500.0,0,I,0.858,300,C:/Physionet/PhysioNetChallange/one_beat_out_pbxl/04883_hr,wfdb
04884_hr.dat,500.0,0,I,0.574,300,C:/Physionet/PhysioNetChallange/one_beat_out_pbxl/04884_hr,wfdb
04885_hr.dat,500.0,0,I,0.676,300,C:/Physionet/PhysioNetChallange/one_beat_out_pbxl/04885_hr,wfdb
04886_hr.dat,500.0,0,I,0.878,300,C:/Physionet/PhysioNetChallange/one_beat_out_pbxl/04886_hr,wfdb
04887_hr.dat,500.0,0,I,1.286,300,C:/Physionet/PhysioNetChallange/one_beat_out_pbxl/04887_hr,wfdb
04888_hr.dat,500.0,0,I,0.726,300,C:/Physionet/PhysioNetChallange/one_beat_out_pbxl/04888_hr,wfdb
04889_hr.dat,500.0,0,I,0.658,300,C:/Physionet/PhysioNetChallange/one_beat_out_pbxl/04889_hr,wfdb
04890_hr.dat,500.0,0,I,0.326,300,C:/Physionet/PhysioNetChallange/one_beat_out_pbxl/04890_hr,wfdb
04891_hr.dat,500.0,0,I,0.788,300,C:/Physionet/PhysioNetChallange/one_beat_out_pbxl/04891_hr,wfdb
04892_hr.dat,500.0,0,I,0.566,300,C:/Physionet/PhysioNetChallange/one_beat_out_pbxl/04892_hr,wfdb
04893_hr.dat,500.0,0,I,0.69,300,C:/Physionet/PhysioNetChallange/one_beat_out_pbxl/04893_hr,wfdb
04894_hr.dat,500.0,0,I,0.62,300,C:/Physionet/PhysioNetChallange/one_beat_out_pbxl/04894_hr,wfdb
04895_hr.dat,500.0,0,I,0.634,300,C:/Physionet/PhysioNetChallange/one_beat_out_pbxl/04895_hr,wfdb
04896_hr.dat,500.0,0,I,0.888,300,C:/Physionet/PhysioNetChallange/one_beat_out_pbxl/04896_hr,wfdb
04897_hr.dat,500.0,0,I,0.422,300,C:/Physionet/PhysioNetChallange/one_beat_out_pbxl/04897_hr,wfdb
04898_hr.dat,500.0,0,I,0.502,300,C:/Physionet/PhysioNetChallange/one_beat_out_pbxl/04898_hr,wfdb
04899_hr.dat,500.0,0,I,0.734,300,C:/Physionet/PhysioNetChallange/one_beat_out_pbxl/04899_hr,wfdb
04900_hr.dat,500.0,0,I,0.496,300,C:/Physionet/PhysioNetChallange/one_beat_out_pbxl/04900_hr,wfdb
04901_hr.dat,500.0,0,I,1.326,300,C:/Physionet/PhysioNetChallange/one_beat_out_pbxl/04901_hr,wfdb
04902_hr.dat,500.0,0,I,0.408,300,C:/Physionet/PhysioNetChallange/one_beat_out_pbxl/04902_hr,wfdb
04903_hr.dat,500.0,0,I,0.602,300,C:/Physionet/PhysioNetChallange/one_beat_out_pbxl/04903_hr,wfdb
04904_hr.dat,500.0,0,I,0.336,300,C:/Physionet/PhysioNetChallange/one_beat_out_pbxl/04904_hr,wfdb
04905_hr.dat,500.0,0,I,0.662,300,C:/Physionet/PhysioNetChallange/one_beat_out_pbxl/04905_hr,wfdb
04906_hr.dat,500.0,0,I,0.91,300,C:/Physionet/PhysioNetChallange/one_beat_out_pbxl/04906_hr,wfdb
04907_hr.dat,500.0,0,I,0.73,300,C:/Physionet/PhysioNetChallange/one_beat_out_pbxl/04907_hr,wfdb
04908_hr.dat,500.0,0,I,0.98,300,C:/Physionet/PhysioNetChallange/one_beat_out_pbxl/04908_hr,wfdb
04909_hr.dat,500.0,0,I,0.78,300,C:/Physionet/PhysioNetChallange/one_beat_out_pbxl/04909_hr,wfdb
04910_hr.dat,500.0,0,I,0.374,300,C:/Physionet/PhysioNetChallange/one_beat_out_pbxl/04910_hr,wfdb
04911_hr.dat,500.0,0,I,1.1,300,C:/Physionet/PhysioNetChallange/one_beat_out_pbxl/04911_hr,wfdb
04912_hr.dat,500.0,0,I,0.348,300,C:/Physionet/PhysioNetChallange/one_beat_out_pbxl/04912_hr,wfdb
04913_hr.dat,500.0,0,I,0.48,300,C:/Physionet/PhysioNetChallange/one_beat_out_pbxl/04913_hr,wfdb
04914_hr.dat,500.0,0,I,0.48,300,C:/Physionet/PhysioNetChallange/one_beat_out_pbxl/04914_hr,wfdb
04915_hr.dat,500.0,0,I,0.312,300,C:/Physionet/PhysioNetChallange/one_beat_out_pbxl/04915_hr,wfdb
04916_hr.dat,500.0,0,I,0.39,300,C:/Physionet/PhysioNetChallange/one_beat_out_pbxl/04916_hr,wfdb
04917_hr.dat,500.0,0,I,0.326,300,C:/Physionet/PhysioNetChallange/one_beat_out_pbxl/04917_hr,wfdb
04918_hr.dat,500.0,0,I,1.042,300,C:/Physionet/PhysioNetChallange/one_beat_out_pbxl/04918_hr,wfdb
04919_hr.dat,500.0,0,I,1.022,300,C:/Physionet/PhysioNetChallange/one_beat_out_pbxl/04919_hr,wfdb
04920_hr.dat,500.0,0,I,0.534,300,C:/Physionet/PhysioNetChallange/one_beat_out_pbxl/04920_hr,wfdb
04921_hr.dat,500.0,0,I,0.736,300,C:/Physionet/PhysioNetChallange/one_beat_out_pbxl/04921_hr,wfdb
04922_hr.dat,500.0,0,I,0.614,300,C:/Physionet/PhysioNetChallange/one_beat_out_pbxl/04922_hr,wfdb
04923_hr.dat,500.0,0,I,1.048,300,C:/Physionet/PhysioNetChallange/one_beat_out_pbxl/04923_hr,wfdb
04924_hr.dat,500.0,0,I,0.898,300,C:/Physionet/PhysioNetChallange/one_beat_out_pbxl/04924_hr,wfdb
04925_hr.dat,500.0,0,I,0.634,300,C:/Physionet/PhysioNetChallange/one_beat_out_pbxl/04925_hr,wfdb
04926_hr.dat,500.0,0,I,0.41,300,C:/Physionet/PhysioNetChallange/one_beat_out_pbxl/04926_hr,wfdb
04927_hr.dat,500.0,0,I,0.836,300,C:/Physionet/PhysioNetChallange/one_beat_out_pbxl/04927_hr,wfdb
04928_hr.dat,500.0,0,I,0.418,300,C:/Physionet/PhysioNetChallange/one_beat_out_pbxl/04928_hr,wfdb
04929_hr.dat,500.0,0,I,0.622,300,C:/Physionet/PhysioNetChallange/one_beat_out_pbxl/04929_hr,wfdb
04930_hr.dat,500.0,0,I,1.084,300,C:/Physionet/PhysioNetChallange/one_beat_out_pbxl/04930_hr,wfdb
04931_hr.dat,500.0,0,I,1.024,300,C:/Physionet/PhysioNetChallange/one_beat_out_pbxl/04931_hr,wfdb
04932_hr.dat,500.0,0,I,0.384,300,C:/Physionet/PhysioNetChallange/one_beat_out_pbxl/04932_hr,wfdb
04933_hr.dat,500.0,0,I,0.334,300,C:/Physionet/PhysioNetChallange/one_beat_out_pbxl/04933_hr,wfdb
04934_hr.dat,500.0,0,I,0.778,300,C:/Physionet/PhysioNetChallange/one_beat_out_pbxl/04934_hr,wfdb
04935_hr.dat,500.0,0,I,1.304,300,C:/Physionet/PhysioNetChallange/one_beat_out_pbxl/04935_hr,wfdb
04936_hr.dat,500.0,0,I,0.674,300,C:/Physionet/PhysioNetChallange/one_beat_out_pbxl/04936_hr,wfdb
04937_hr.dat,500.0,0,I,0.73,300,C:/Physionet/PhysioNetChallange/one_beat_out_pbxl/04937_hr,wfdb
04938_hr.dat,500.0,0,I,0.334,300,C:/Physionet/PhysioNetChallange/one_beat_out_pbxl/04938_hr,wfdb
04939_hr.dat,500.0,0,I,1.134,300,C:/Physionet/PhysioNetChallange/one_beat_out_pbxl/04939_hr,wfdb
04940_hr.dat,500.0,0,I,0.544,300,C:/Physionet/PhysioNetChallange/one_beat_out_pbxl/04940_hr,wfdb
04941_hr.dat,500.0,0,I,0.582,300,C:/Physionet/PhysioNetChallange/one_beat_out_pbxl/04941_hr,wfdb
04942_hr.dat,500.0,0,I,0.488,300,C:/Physionet/PhysioNetChallange/one_beat_out_pbxl/04942_hr,wfdb
04943_hr.dat,500.0,0,I,0.742,300,C:/Physionet/PhysioNetChallange/one_beat_out_pbxl/04943_hr,wfdb
04944_hr.dat,500.0,0,I,0.692,300,C:/Physionet/PhysioNetChallange/one_beat_out_pbxl/04944_hr,wfdb
04945_hr.dat,500.0,0,I,1.276,300,C:/Physionet/PhysioNetChallange/one_beat_out_pbxl/04945_hr,wfdb
04946_hr.dat,500.0,0,I,0.698,300,C:/Physionet/PhysioNetChallange/one_beat_out_pbxl/04946_hr,wfdb
04947_hr.dat,500.0,0,I,0.432,300,C:/Physionet/PhysioNetChallange/one_beat_out_pbxl/04947_hr,wfdb
04948_hr.dat,500.0,0,I,0.972,300,C:/Physionet/PhysioNetChallange/one_beat_out_pbxl/04948_hr,wfdb
04949_hr.dat,500.0,0,I,0.6,300,C:/Physionet/PhysioNetChallange/one_beat_out_pbxl/04949_hr,wfdb
04950_hr.dat,500.0,0,I,1.24,300,C:/Physionet/PhysioNetChallange/one_beat_out_pbxl/04950_hr,wfdb
04951_hr.dat,500.0,0,I,0.618,300,C:/Physionet/PhysioNetChallange/one_beat_out_pbxl/04951_hr,wfdb
04952_hr.dat,500.0,0,I,0.876,300,C:/Physionet/PhysioNetChallange/one_beat_out_pbxl/04952_hr,wfdb
04953_hr.dat,500.0,0,I,0.302,300,C:/Physionet/PhysioNetChallange/one_beat_out_pbxl/04953_hr,wfdb
04954_hr.dat,500.0,0,I,0.594,300,C:/Physionet/PhysioNetChallange/one_beat_out_pbxl/04954_hr,wfdb
04955_hr.dat,500.0,0,I,1.02,300,C:/Physionet/PhysioNetChallange/one_beat_out_pbxl/04955_hr,wfdb
04956_hr.dat,500.0,0,I,0.446,300,C:/Physionet/PhysioNetChallange/one_beat_out_pbxl/04956_hr,wfdb
04957_hr.dat,500.0,0,I,0.77,300,C:/Physionet/PhysioNetChallange/one_beat_out_pbxl/04957_hr,wfdb
04958_hr.dat,500.0,0,I,0.462,300,C:/Physionet/PhysioNetChallange/one_beat_out_pbxl/04958_hr,wfdb
04959_hr.dat,500.0,0,I,1.192,300,C:/Physionet/PhysioNetChallange/one_beat_out_pbxl/04959_hr,wfdb
04960_hr.dat,500.0,0,I,1.158,300,C:/Physionet/PhysioNetChallange/one_beat_out_pbxl/04960_hr,wfdb
04961_hr.dat,500.0,0,I,0.652,300,C:/Physionet/PhysioNetChallange/one_beat_out_pbxl/04961_hr,wfdb
04962_hr.dat,500.0,0,I,0.634,300,C:/Physionet/PhysioNetChallange/one_beat_out_pbxl/04962_hr,wfdb
04963_hr.dat,500.0,0,I,0.64,300,C:/Physionet/PhysioNetChallange/one_beat_out_pbxl/04963_hr,wfdb
04964_hr.dat,500.0,0,I,1.116,300,C:/Physionet/PhysioNetChallange/one_beat_out_pbxl/04964_hr,wfdb
04965_hr.dat,500.0,0,I,0.976,300,C:/Physionet/PhysioNetChallange/one_beat_out_pbxl/04965_hr,wfdb
04966_hr.dat,500.0,0,I,0.654,300,C:/Physionet/PhysioNetChallange/one_beat_out_pbxl/04966_hr,wfdb
04967_hr.dat,500.0,0,I,0.984,300,C:/Physionet/PhysioNetChallange/one_beat_out_pbxl/04967_hr,wfdb
04968_hr.dat,500.0,0,I,1.084,300,C:/Physionet/PhysioNetChallange/one_beat_out_pbxl/04968_hr,wfdb
04969_hr.dat,500.0,0,I,0.558,300,C:/Physionet/PhysioNetChallange/one_beat_out_pbxl/04969_hr,wfdb
04970_hr.dat,500.0,0,I,0.99,300,C:/Physionet/PhysioNetChallange/one_beat_out_pbxl/04970_hr,wfdb
04971_hr.dat,500.0,0,I,0.66,300,C:/Physionet/PhysioNetChallange/one_beat_out_pbxl/04971_hr,wfdb
04972_hr.dat,500.0,0,I,0.476,300,C:/Physionet/PhysioNetChallange/one_beat_out_pbxl/04972_hr,wfdb
04973_hr.dat,500.0,0,I,0.858,300,C:/Physionet/PhysioNetChallange/one_beat_out_pbxl/04973_hr,wfdb
04974_hr.dat,500.0,0,I,1.12,300,C:/Physionet/PhysioNetChallange/one_beat_out_pbxl/04974_hr,wfdb
04975_hr.dat,500.0,0,I,0.666,300,C:/Physionet/PhysioNetChallange/one_beat_out_pbxl/04975_hr,wfdb
04976_hr.dat,500.0,0,I,0.39,300,C:/Physionet/PhysioNetChallange/one_beat_out_pbxl/04976_hr,wfdb
04977_hr.dat,500.0,0,I,1.12,300,C:/Physionet/PhysioNetChallange/one_beat_out_pbxl/04977_hr,wfdb
04978_hr.dat,500.0,0,I,0.77,300,C:/Physionet/PhysioNetChallange/one_beat_out_pbxl/04978_hr,wfdb
04979_hr.dat,500.0,0,I,1.006,300,C:/Physionet/PhysioNetChallange/one_beat_out_pbxl/04979_hr,wfdb
04980_hr.dat,500.0,0,I,1.038,300,C:/Physionet/PhysioNetChallange/one_beat_out_pbxl/04980_hr,wfdb
04981_hr.dat,500.0,0,I,0.316,300,C:/Physionet/PhysioNetChallange/one_beat_out_pbxl/04981_hr,wfdb
04982_hr.dat,500.0,0,I,1.122,300,C:/Physionet/PhysioNetChallange/one_beat_out_pbxl/04982_hr,wfdb
04983_hr.dat,500.0,0,I,0.71,300,C:/Physionet/PhysioNetChallange/one_beat_out_pbxl/04983_hr,wfdb
04984_hr.dat,500.0,0,I,0.468,300,C:/Physionet/PhysioNetChallange/one_beat_out_pbxl/04984_hr,wfdb
04985_hr.dat,500.0,0,I,0.754,300,C:/Physionet/PhysioNetChallange/one_beat_out_pbxl/04985_hr,wfdb
04986_hr.dat,500.0,0,I,0.522,300,C:/Physionet/PhysioNetChallange/one_beat_out_pbxl/04986_hr,wfdb
04987_hr.dat,500.0,0,I,0.372,300,C:/Physionet/PhysioNetChallange/one_beat_out_pbxl/04987_hr,wfdb
04988_hr.dat,500.0,0,I,0.348,300,C:/Physionet/PhysioNetChallange/one_beat_out_pbxl/04988_hr,wfdb
04989_hr.dat,500.0,0,I,0.39,300,C:/Physionet/PhysioNetChallange/one_beat_out_pbxl/04989_hr,wfdb
04990_hr.dat,500.0,0,I,0.32,300,C:/Physionet/PhysioNetChallange/one_beat_out_pbxl/04990_hr,wfdb
04991_hr.dat,500.0,0,I,0.926,300,C:/Physionet/PhysioNetChallange/one_beat_out_pbxl/04991_hr,wfdb
04992_hr.dat,500.0,0,I,0.516,300,C:/Physionet/PhysioNetChallange/one_beat_out_pbxl/04992_hr,wfdb
04993_hr.dat,500.0,0,I,0.976,300,C:/Physionet/PhysioNetChallange/one_beat_out_pbxl/04993_hr,wfdb
04994_hr.dat,500.0,0,I,0.738,300,C:/Physionet/PhysioNetChallange/one_beat_out_pbxl/04994_hr,wfdb
04995_hr.dat,500.0,0,I,0.652,300,C:/Physionet/PhysioNetChallange/one_beat_out_pbxl/04995_hr,wfdb
04996_hr.dat,500.0,0,I,1.218,300,C:/Physionet/PhysioNetChallange/one_beat_out_pbxl/04996_hr,wfdb
04997_hr.dat,500.0,0,I,0.578,300,C:/Physionet/PhysioNetChallange/one_beat_out_pbxl/04997_hr,wfdb
04998_hr.dat,500.0,0,I,0.506,300,C:/Physionet/PhysioNetChallange/one_beat_out_pbxl/04998_hr,wfdb
04999_hr.dat,500.0,0,I,0.478,300,C:/Physionet/PhysioNetChallange/one_beat_out_pbxl/04999_hr,wfdb
